key,value
Acetyl (K),Acetyl
Acetyl (Protein N-term),Acetyl
Carbamidomethyl (C),Carbamidomethyl
Oxidation (M),Oxidation
Phospho (STY),Phospho
Methyl (KR),Methyl
Dimethyl (KR),Dimethyl
Trimethyl (K),Trimethyl
Pro5,Pro5
Pro6,Pro6
Glu-&gt;pyro-Glu,Glu->pyro-Glu
Gln-&gt;pyro-Glu,Gln->pyro-Glu
QQTGG (K),QQTGG
Deamidation (N),Deamidation
Deamidation 18O (N),Deamidation
Deamidation (NQ),Deamidation
Hydroxyproline,Hydroxyproline
Carbamyl (N-term),Carbamyl
Delta:H(2)C(2) (N-term),Delta:H(2)C(2)
Dioxidation (MW),Dioxidation
Trioxidation (C),Trioxidation
Dethiomethyl (M),Dethiomethyl
Cation:Na (DE),Cation:Na
Methyl (E),Methyl
Dehydrated (ST),Dehydrated
Oxidation (P),Oxidation
Dimethyl (K),Dimethyl
Amidated (Protein C-term),Amidated
Sulfo (STY),Sulfo
Acetyl (N-term),Acetyl
Amidated (C-term),Amidated
Sulfation (Y),Sulfation
Phospho (ST),Phospho
Cys-Cys,Cys-Cys
Arg6,Arg6
Arg10,Arg10
Lys4,Lys4
Lys6,Lys6
Lys8,Lys8
DimethLys0,DimethLys0
DimethNter0,DimethNter0
DimethLys4,DimethLys4
DimethNter4,DimethNter4
DimethLys8,DimethLys8
DimethNter8,DimethNter8
18O,18O
ICAT-0,ICAT-0
ICAT-9,ICAT-9
ICPL-Lys0,ICPL-Lys0
ICPL-Nter0,ICPL-Nter0
ICPL-Lys4,ICPL-Lys4
ICPL-Nter4,ICPL-Nter4
ICPL-Lys6,ICPL-Lys6
ICPL-Nter6,ICPL-Nter6
ICPL-Lys10,ICPL-Lys10
ICPL-Nter10,ICPL-Nter10
mTRAQ-Lys0,mTRAQ-Lys0
mTRAQ-Nter0,mTRAQ-Nter0
mTRAQ-Lys4,mTRAQ-Lys4
mTRAQ-Nter4,mTRAQ-Nter4
mTRAQ-Lys8,mTRAQ-Lys8
mTRAQ-Nter8,mTRAQ-Nter8
DimethLys2,DimethLys2
DimethNter2,DimethNter2
DimethLys6,DimethLys6
DimethNter6,DimethNter6
Leu7,Leu7
Ile7,Ile7
iTRAQ4plex-Nter114,iTRAQ4plex-Nter114
iTRAQ4plex-Nter115,iTRAQ4plex-Nter115
iTRAQ4plex-Nter116,iTRAQ4plex-Nter116
iTRAQ4plex-Nter117,iTRAQ4plex-Nter117
iTRAQ4plex-Lys114,iTRAQ4plex-Lys114
iTRAQ4plex-Lys115,iTRAQ4plex-Lys115
iTRAQ4plex-Lys116,iTRAQ4plex-Lys116
iTRAQ4plex-Lys117,iTRAQ4plex-Lys117
iTRAQ8plex-Nter113,iTRAQ8plex-Nter113
iTRAQ8plex-Nter114,iTRAQ8plex-Nter114
iTRAQ8plex-Nter115,iTRAQ8plex-Nter115
iTRAQ8plex-Nter116,iTRAQ8plex-Nter116
iTRAQ8plex-Nter117,iTRAQ8plex-Nter117
iTRAQ8plex-Nter118,iTRAQ8plex-Nter118
iTRAQ8plex-Nter119,iTRAQ8plex-Nter119
iTRAQ8plex-Nter121,iTRAQ8plex-Nter121
iTRAQ8plex-Lys113,iTRAQ8plex-Lys113
iTRAQ8plex-Lys114,iTRAQ8plex-Lys114
iTRAQ8plex-Lys115,iTRAQ8plex-Lys115
iTRAQ8plex-Lys116,iTRAQ8plex-Lys116
iTRAQ8plex-Lys117,iTRAQ8plex-Lys117
iTRAQ8plex-Lys118,iTRAQ8plex-Lys118
iTRAQ8plex-Lys119,iTRAQ8plex-Lys119
iTRAQ8plex-Lys121,iTRAQ8plex-Lys121
TMT2plex-Nter126,TMT2plex-Nter126
TMT2plex-Nter127,TMT2plex-Nter127
TMT2plex-Lys126,TMT2plex-Lys126
TMT2plex-Lys127,TMT2plex-Lys127
TMT6plex-Nter126,TMT6plex-Nter126
TMT6plex-Nter127,TMT6plex-Nter127
TMT6plex-Nter128,TMT6plex-Nter128
TMT6plex-Nter129,TMT6plex-Nter129
TMT6plex-Nter130,TMT6plex-Nter130
TMT6plex-Nter131,TMT6plex-Nter131
TMT8plex-Nter126C,TMT8plex-Nter126C
TMT8plex-Nter127N,TMT8plex-Nter127N
TMT8plex-Nter127C,TMT8plex-Nter127C
TMT8plex-Nter128C,TMT8plex-Nter128C
TMT8plex-Nter129N,TMT8plex-Nter129N
TMT8plex-Nter129C,TMT8plex-Nter129C
TMT8plex-Nter130C,TMT8plex-Nter130C
TMT8plex-Nter131N,TMT8plex-Nter131N
TMT10plex-Nter126C,TMT10plex-Nter126C
TMT10plex-Nter127N,TMT10plex-Nter127N
TMT10plex-Nter127C,TMT10plex-Nter127C
TMT10plex-Nter128N,TMT10plex-Nter128N
TMT10plex-Nter128C,TMT10plex-Nter128C
TMT10plex-Nter129N,TMT10plex-Nter129N
TMT10plex-Nter129C,TMT10plex-Nter129C
TMT10plex-Nter130N,TMT10plex-Nter130N
TMT10plex-Nter130C,TMT10plex-Nter130C
TMT10plex-Nter131N,TMT10plex-Nter131N
TMT11plex-Nter131C,TMT11plex-Nter131C
TMT6plex-Lys127,TMT6plex-Lys127
TMT6plex-Lys128,TMT6plex-Lys128
TMT6plex-Lys129,TMT6plex-Lys129
TMT6plex-Lys130,TMT6plex-Lys130
TMT6plex-Lys131,TMT6plex-Lys131
TMT8plex-Lys126C,TMT8plex-Lys126C
TMT8plex-Lys127N,TMT8plex-Lys127N
TMT8plex-Lys127C,TMT8plex-Lys127C
TMT8plex-Lys128C,TMT8plex-Lys128C
TMT8plex-Lys129N,TMT8plex-Lys129N
TMT8plex-Lys129C,TMT8plex-Lys129C
TMT8plex-Lys130C,TMT8plex-Lys130C
TMT8plex-Lys131N,TMT8plex-Lys131N
TMT10plex-Lys126C,TMT10plex-Lys126C
TMT10plex-Lys127N,TMT10plex-Lys127N
TMT10plex-Lys127C,TMT10plex-Lys127C
TMT10plex-Lys128N,TMT10plex-Lys128N
TMT10plex-Lys128C,TMT10plex-Lys128C
TMT10plex-Lys129N,TMT10plex-Lys129N
TMT10plex-Lys129C,TMT10plex-Lys129C
TMT10plex-Lys130N,TMT10plex-Lys130N
TMT10plex-Lys130C,TMT10plex-Lys130C
TMT10plex-Lys131N,TMT10plex-Lys131N
TMT11plex-Lys131C,TMT11plex-Lys131C
iodoTMT6plex-Cys127,iodoTMT6plex-Cys127
iodoTMT6plex-Cys128,iodoTMT6plex-Cys128
iodoTMT6plex-Cys129,iodoTMT6plex-Cys129
iodoTMT6plex-Cys130,iodoTMT6plex-Cys130
iodoTMT6plex-Cys131,iodoTMT6plex-Cys131
HexNAc (ST),HexNAc
Hex(1)HexNAc(1) (ST),Hex(1)HexNAc(1)
Hex (K),Hex
Hex(5) HexNAc(4) NeuAc(2) (N),Hex(5)
Hex(5) HexNAc(4) NeuAc(2) Sodium (N),Hex(5)
Ala-&gt;Arg,Ala->Arg
Ala-&gt;Asn,Ala->Asn
Ala-&gt;Asp,Ala->Asp
Ala-&gt;Cys,Ala->Cys
Ala-&gt;Gln,Ala->Gln
Ala-&gt;Glu,Ala->Glu
Ala-&gt;Gly,Ala->Gly
Ala-&gt;His,Ala->His
Ala-&gt;Xle,Ala->Xle
Ala-&gt;Lys,Ala->Lys
Ala-&gt;Met,Ala->Met
Ala-&gt;Phe,Ala->Phe
Ala-&gt;Pro,Ala->Pro
Ala-&gt;Ser,Ala->Ser
Ala-&gt;Thr,Ala->Thr
Ala-&gt;Trp,Ala->Trp
Ala-&gt;Tyr,Ala->Tyr
Ala-&gt;Val,Ala->Val
Arg-&gt;Ala,Arg->Ala
Arg-&gt;Asn,Arg->Asn
Arg-&gt;Asp,Arg->Asp
Arg-&gt;Cys,Arg->Cys
Arg-&gt;Gln,Arg->Gln
Arg-&gt;Glu,Arg->Glu
Arg-&gt;Gly,Arg->Gly
Arg-&gt;His,Arg->His
Arg-&gt;Lys,Arg->Lys
Arg-&gt;Met,Arg->Met
Arg-&gt;Phe,Arg->Phe
Arg-&gt;Pro,Arg->Pro
Arg-&gt;Ser,Arg->Ser
Arg-&gt;Thr,Arg->Thr
Arg-&gt;Trp,Arg->Trp
Arg-&gt;Tyr,Arg->Tyr
Arg-&gt;Val,Arg->Val
Arg-&gt;Xle,Arg->Xle
Asn-&gt;Ala,Asn->Ala
Asn-&gt;Arg,Asn->Arg
Asn-&gt;Asp,Asn->Asp
Asn-&gt;Cys,Asn->Cys
Asn-&gt;Gln,Asn->Gln
Asn-&gt;Glu,Asn->Glu
Asn-&gt;Gly,Asn->Gly
Asn-&gt;His,Asn->His
Asn-&gt;Lys,Asn->Lys
Asn-&gt;Met,Asn->Met
Asn-&gt;Phe,Asn->Phe
Asn-&gt;Pro,Asn->Pro
Asn-&gt;Ser,Asn->Ser
Asn-&gt;Thr,Asn->Thr
Asn-&gt;Trp,Asn->Trp
Asn-&gt;Tyr,Asn->Tyr
Asn-&gt;Val,Asn->Val
Asn-&gt;Xle,Asn->Xle
Asp-&gt;Ala,Asp->Ala
Asp-&gt;Arg,Asp->Arg
Asp-&gt;Asn,Asp->Asn
Asp-&gt;Cys,Asp->Cys
Asp-&gt;Gln,Asp->Gln
Asp-&gt;Glu,Asp->Glu
Asp-&gt;Gly,Asp->Gly
Asp-&gt;His,Asp->His
Asp-&gt;Lys,Asp->Lys
Asp-&gt;Met,Asp->Met
Asp-&gt;Phe,Asp->Phe
Asp-&gt;Pro,Asp->Pro
Asp-&gt;Ser,Asp->Ser
Asp-&gt;Thr,Asp->Thr
Asp-&gt;Trp,Asp->Trp
Asp-&gt;Tyr,Asp->Tyr
Asp-&gt;Val,Asp->Val
Asp-&gt;Xle,Asp->Xle
Cys-&gt;Ala,Cys->Ala
Cys-&gt;Arg,Cys->Arg
Cys-&gt;Asn,Cys->Asn
Cys-&gt;Asp,Cys->Asp
Cys-&gt;Gln,Cys->Gln
Cys-&gt;Glu,Cys->Glu
Cys-&gt;Gly,Cys->Gly
Cys-&gt;His,Cys->His
Cys-&gt;Lys,Cys->Lys
Cys-&gt;Met,Cys->Met
Cys-&gt;Phe,Cys->Phe
Cys-&gt;Pro,Cys->Pro
Cys-&gt;Ser,Cys->Ser
Cys-&gt;Thr,Cys->Thr
Cys-&gt;Trp,Cys->Trp
Cys-&gt;Tyr,Cys->Tyr
Cys-&gt;Val,Cys->Val
Cys-&gt;Xle,Cys->Xle
Gln-&gt;Ala,Gln->Ala
Gln-&gt;Arg,Gln->Arg
Gln-&gt;Asn,Gln->Asn
Gln-&gt;Asp,Gln->Asp
Gln-&gt;Cys,Gln->Cys
Gln-&gt;Glu,Gln->Glu
Gln-&gt;Gly,Gln->Gly
Gln-&gt;His,Gln->His
Gln-&gt;Lys,Gln->Lys
Gln-&gt;Met,Gln->Met
Gln-&gt;Phe,Gln->Phe
Gln-&gt;Pro,Gln->Pro
Gln-&gt;Ser,Gln->Ser
Gln-&gt;Thr,Gln->Thr
Gln-&gt;Trp,Gln->Trp
Gln-&gt;Tyr,Gln->Tyr
Gln-&gt;Val,Gln->Val
Gln-&gt;Xle,Gln->Xle
Glu-&gt;Ala,Glu->Ala
Glu-&gt;Arg,Glu->Arg
Glu-&gt;Asn,Glu->Asn
Glu-&gt;Asp,Glu->Asp
Glu-&gt;Cys,Glu->Cys
Glu-&gt;Gln,Glu->Gln
Glu-&gt;Gly,Glu->Gly
Glu-&gt;His,Glu->His
Glu-&gt;Lys,Glu->Lys
Glu-&gt;Met,Glu->Met
Glu-&gt;Phe,Glu->Phe
Glu-&gt;Pro,Glu->Pro
Glu-&gt;Ser,Glu->Ser
Glu-&gt;Thr,Glu->Thr
Glu-&gt;Trp,Glu->Trp
Glu-&gt;Tyr,Glu->Tyr
Glu-&gt;Val,Glu->Val
Glu-&gt;Xle,Glu->Xle
Gly-&gt;Ala,Gly->Ala
Gly-&gt;Arg,Gly->Arg
Gly-&gt;Asn,Gly->Asn
Gly-&gt;Asp,Gly->Asp
Gly-&gt;Cys,Gly->Cys
Gly-&gt;Gln,Gly->Gln
Gly-&gt;Glu,Gly->Glu
Gly-&gt;His,Gly->His
Gly-&gt;Lys,Gly->Lys
Gly-&gt;Met,Gly->Met
Gly-&gt;Phe,Gly->Phe
Gly-&gt;Pro,Gly->Pro
Gly-&gt;Ser,Gly->Ser
Gly-&gt;Thr,Gly->Thr
Gly-&gt;Trp,Gly->Trp
Gly-&gt;Tyr,Gly->Tyr
Gly-&gt;Val,Gly->Val
Gly-&gt;Xle,Gly->Xle
His-&gt;Ala,His->Ala
His-&gt;Arg,His->Arg
His-&gt;Asn,His->Asn
His-&gt;Asp,His->Asp
His-&gt;Cys,His->Cys
His-&gt;Gln,His->Gln
His-&gt;Glu,His->Glu
His-&gt;Gly,His->Gly
His-&gt;Lys,His->Lys
His-&gt;Met,His->Met
His-&gt;Phe,His->Phe
His-&gt;Pro,His->Pro
His-&gt;Ser,His->Ser
His-&gt;Thr,His->Thr
His-&gt;Trp,His->Trp
His-&gt;Tyr,His->Tyr
His-&gt;Val,His->Val
His-&gt;Xle,His->Xle
Lys-&gt;Ala,Lys->Ala
Lys-&gt;Arg,Lys->Arg
Lys-&gt;Asn,Lys->Asn
Lys-&gt;Asp,Lys->Asp
Lys-&gt;Cys,Lys->Cys
Lys-&gt;Gln,Lys->Gln
Lys-&gt;Glu,Lys->Glu
Lys-&gt;Gly,Lys->Gly
Lys-&gt;His,Lys->His
Lys-&gt;Met,Lys->Met
Lys-&gt;Phe,Lys->Phe
Lys-&gt;Pro,Lys->Pro
Lys-&gt;Ser,Lys->Ser
Lys-&gt;Thr,Lys->Thr
Lys-&gt;Trp,Lys->Trp
Lys-&gt;Tyr,Lys->Tyr
Lys-&gt;Val,Lys->Val
Lys-&gt;Xle,Lys->Xle
Met-&gt;Ala,Met->Ala
Met-&gt;Arg,Met->Arg
Met-&gt;Asn,Met->Asn
Met-&gt;Asp,Met->Asp
Met-&gt;Cys,Met->Cys
Met-&gt;Gln,Met->Gln
Met-&gt;Glu,Met->Glu
Met-&gt;Gly,Met->Gly
Met-&gt;His,Met->His
Met-&gt;Lys,Met->Lys
Met-&gt;Phe,Met->Phe
Met-&gt;Pro,Met->Pro
Met-&gt;Ser,Met->Ser
Met-&gt;Thr,Met->Thr
Met-&gt;Trp,Met->Trp
Met-&gt;Tyr,Met->Tyr
Met-&gt;Val,Met->Val
Met-&gt;Xle,Met->Xle
Phe-&gt;Ala,Phe->Ala
Phe-&gt;Arg,Phe->Arg
Phe-&gt;Asn,Phe->Asn
Phe-&gt;Asp,Phe->Asp
Phe-&gt;Cys,Phe->Cys
Phe-&gt;Gln,Phe->Gln
Phe-&gt;Glu,Phe->Glu
Phe-&gt;Gly,Phe->Gly
Phe-&gt;His,Phe->His
Phe-&gt;Lys,Phe->Lys
Phe-&gt;Met,Phe->Met
Phe-&gt;Pro,Phe->Pro
Phe-&gt;Ser,Phe->Ser
Phe-&gt;Thr,Phe->Thr
Phe-&gt;Trp,Phe->Trp
Phe-&gt;Tyr,Phe->Tyr
Phe-&gt;Val,Phe->Val
Phe-&gt;Xle,Phe->Xle
Pro-&gt;Ala,Pro->Ala
Pro-&gt;Arg,Pro->Arg
Pro-&gt;Asn,Pro->Asn
Pro-&gt;Asp,Pro->Asp
Pro-&gt;Cys,Pro->Cys
Pro-&gt;Gln,Pro->Gln
Pro-&gt;Glu,Pro->Glu
Pro-&gt;Gly,Pro->Gly
Pro-&gt;His,Pro->His
Pro-&gt;Lys,Pro->Lys
Pro-&gt;Met,Pro->Met
Pro-&gt;Phe,Pro->Phe
Pro-&gt;Ser,Pro->Ser
Pro-&gt;Thr,Pro->Thr
Pro-&gt;Trp,Pro->Trp
Pro-&gt;Tyr,Pro->Tyr
Pro-&gt;Val,Pro->Val
Pro-&gt;Xle,Pro->Xle
Ser-&gt;Ala,Ser->Ala
Ser-&gt;Arg,Ser->Arg
Ser-&gt;Asn,Ser->Asn
Ser-&gt;Asp,Ser->Asp
Ser-&gt;Cys,Ser->Cys
Ser-&gt;Gln,Ser->Gln
Ser-&gt;Glu,Ser->Glu
Ser-&gt;Gly,Ser->Gly
Ser-&gt;His,Ser->His
Ser-&gt;Lys,Ser->Lys
Ser-&gt;Met,Ser->Met
Ser-&gt;Phe,Ser->Phe
Ser-&gt;Pro,Ser->Pro
Ser-&gt;Thr,Ser->Thr
Ser-&gt;Trp,Ser->Trp
Ser-&gt;Tyr,Ser->Tyr
Ser-&gt;Val,Ser->Val
Ser-&gt;Xle,Ser->Xle
Thr-&gt;Ala,Thr->Ala
Thr-&gt;Arg,Thr->Arg
Thr-&gt;Asn,Thr->Asn
Thr-&gt;Asp,Thr->Asp
Thr-&gt;Cys,Thr->Cys
Thr-&gt;Gln,Thr->Gln
Thr-&gt;Glu,Thr->Glu
Thr-&gt;Gly,Thr->Gly
Thr-&gt;His,Thr->His
Thr-&gt;Lys,Thr->Lys
Thr-&gt;Met,Thr->Met
Thr-&gt;Phe,Thr->Phe
Thr-&gt;Pro,Thr->Pro
Thr-&gt;Ser,Thr->Ser
Thr-&gt;Trp,Thr->Trp
Thr-&gt;Tyr,Thr->Tyr
Thr-&gt;Val,Thr->Val
Thr-&gt;Xle,Thr->Xle
Trp-&gt;Ala,Trp->Ala
Trp-&gt;Arg,Trp->Arg
Trp-&gt;Asn,Trp->Asn
Trp-&gt;Asp,Trp->Asp
Trp-&gt;Cys,Trp->Cys
Trp-&gt;Gln,Trp->Gln
Trp-&gt;Glu,Trp->Glu
Trp-&gt;Gly,Trp->Gly
Trp-&gt;His,Trp->His
Trp-&gt;Lys,Trp->Lys
Trp-&gt;Met,Trp->Met
Trp-&gt;Phe,Trp->Phe
Trp-&gt;Pro,Trp->Pro
Trp-&gt;Ser,Trp->Ser
Trp-&gt;Thr,Trp->Thr
Trp-&gt;Tyr,Trp->Tyr
Trp-&gt;Val,Trp->Val
Trp-&gt;Xle,Trp->Xle
Tyr-&gt;Ala,Tyr->Ala
Tyr-&gt;Arg,Tyr->Arg
Tyr-&gt;Asn,Tyr->Asn
Tyr-&gt;Asp,Tyr->Asp
Tyr-&gt;Cys,Tyr->Cys
Tyr-&gt;Gln,Tyr->Gln
Tyr-&gt;Glu,Tyr->Glu
Tyr-&gt;Gly,Tyr->Gly
Tyr-&gt;His,Tyr->His
Tyr-&gt;Lys,Tyr->Lys
Tyr-&gt;Met,Tyr->Met
Tyr-&gt;Phe,Tyr->Phe
Tyr-&gt;Pro,Tyr->Pro
Tyr-&gt;Ser,Tyr->Ser
Tyr-&gt;Thr,Tyr->Thr
Tyr-&gt;Trp,Tyr->Trp
Tyr-&gt;Val,Tyr->Val
Tyr-&gt;Xle,Tyr->Xle
Val-&gt;Ala,Val->Ala
Val-&gt;Arg,Val->Arg
Val-&gt;Asn,Val->Asn
Val-&gt;Asp,Val->Asp
Val-&gt;Cys,Val->Cys
Val-&gt;Gln,Val->Gln
Val-&gt;Glu,Val->Glu
Val-&gt;Gly,Val->Gly
Val-&gt;His,Val->His
Val-&gt;Lys,Val->Lys
Val-&gt;Met,Val->Met
Val-&gt;Phe,Val->Phe
Val-&gt;Pro,Val->Pro
Val-&gt;Ser,Val->Ser
Val-&gt;Thr,Val->Thr
Val-&gt;Trp,Val->Trp
Val-&gt;Tyr,Val->Tyr
Val-&gt;Xle,Val->Xle
Xle-&gt;Ala,Xle->Ala
Xle-&gt;Arg,Xle->Arg
Xle-&gt;Asn,Xle->Asn
Xle-&gt;Asp,Xle->Asp
Xle-&gt;Cys,Xle->Cys
Xle-&gt;Gln,Xle->Gln
Xle-&gt;Glu,Xle->Glu
Xle-&gt;Gly,Xle->Gly
Xle-&gt;His,Xle->His
Xle-&gt;Lys,Xle->Lys
Xle-&gt;Met,Xle->Met
Xle-&gt;Phe,Xle->Phe
Xle-&gt;Pro,Xle->Pro
Xle-&gt;Ser,Xle->Ser
Xle-&gt;Thr,Xle->Thr
Xle-&gt;Trp,Xle->Trp
Xle-&gt;Tyr,Xle->Tyr
Xle-&gt;Val,Xle->Val
CamCys-&gt;Ala,CamCys->Ala
CamCys-&gt;Arg,CamCys->Arg
CamCys-&gt;Asn,CamCys->Asn
CamCys-&gt;Asp,CamCys->Asp
CamCys-&gt;Gln,CamCys->Gln
CamCys-&gt;Glu,CamCys->Glu
CamCys-&gt;Gly,CamCys->Gly
CamCys-&gt;His,CamCys->His
CamCys-&gt;Lys,CamCys->Lys
CamCys-&gt;Met,CamCys->Met
CamCys-&gt;Phe,CamCys->Phe
CamCys-&gt;Pro,CamCys->Pro
CamCys-&gt;Ser,CamCys->Ser
CamCys-&gt;Thr,CamCys->Thr
CamCys-&gt;Trp,CamCys->Trp
CamCys-&gt;Tyr,CamCys->Tyr
CamCys-&gt;Val,CamCys->Val
CamCys-&gt;Xle,CamCys->Xle
Ala-&gt;CamCys,Ala->CamCys
Arg-&gt;CamCys,Arg->CamCys
Asn-&gt;CamCys,Asn->CamCys
Asp-&gt;CamCys,Asp->CamCys
Gln-&gt;CamCys,Gln->CamCys
Glu-&gt;CamCys,Glu->CamCys
Gly-&gt;CamCys,Gly->CamCys
His-&gt;CamCys,His->CamCys
Lys-&gt;CamCys,Lys->CamCys
Met-&gt;CamCys,Met->CamCys
Phe-&gt;CamCys,Phe->CamCys
Pro-&gt;CamCys,Pro->CamCys
Ser-&gt;CamCys,Ser->CamCys
Thr-&gt;CamCys,Thr->CamCys
Trp-&gt;CamCys,Trp->CamCys
Tyr-&gt;CamCys,Tyr->CamCys
Val-&gt;CamCys,Val->CamCys
Xle-&gt;CamCys,Xle->CamCys
Thioacyl (DSP),Thioacyl
K2020,K2020
K0400,K0400
K6020,K6020
K5210,K5210
K3410,K3410
K4400,K4400
K0800,K0800
K6420,K6420
K1920,K1920
K3900,K3900
Cysteinyl,Cysteinyl
Oxidation (MP),Oxidation
