name,formula_pos,formula_neg
1C,"H(2) C(1)",""
2C,"H(4) C(2)",""
3C,"H(6) C(3)",""
4C,"H(8) C(4)",""
5C,"H(10) C(5)",""
6C,"H(12) C(6)",""
7C,"H(14) C(7)",""
8C,"H(16) C(8)",""
9C,"H(18) C(9)",""
10C,"H(20) C(10)",""
15C,"H(30) C(15)",""
20C,"H(30) C(20)",""
1-C,,"H(-2) C(-1)"
2-C,,"H(-4) C(-2)"
3-C,,"H(-6) C(-3)"
4-C,,"H(-8) C(-4)"
5-C,,"H(-10) C(-5)"
6-C,,"H(-12) C(-6)"
7-C,,"H(-14) C(-7)"
8-C,,"H(-16) C(-8)"
9-C,,"H(-18) C(-9)"
10-C,,"H(-20) C(-10)"
15-C,,"H(-30) C(-15)"
20-C,,"H(-30) C(-20)"
Acetyl,"H(2) C(2) O",""
Amidated,"H N","O(-1)"
Biotin,"H(14) C(10) N(2) O(2) S",""
Carbamidomethyl,"H(3) C(2) N O",""
Carbamyl,"H C N O",""
Carboxymethyl,"H(2) C(2) O(2)",""
Deamidated,"O","H(-1) N(-1)"
ICAT-G,"H(38) C(22) N(4) O(6) S",""
ICAT-G:2H(8),"H(30) 2H(8) C(22) N(4) O(6) S",""
Met->Hse,"O","H(-2) C(-1) S(-1)"
Met->Hsl,"","H(-4) C(-1) S(-1)"
ICAT-D:2H(8),"H(26) 2H(8) C(20) N(4) O(5) S",""
ICAT-D,"H(34) C(20) N(4) O(5) S",""
NIPCAM,"H(9) C(5) N O",""
PEO-Iodoacetyl-LC-Biotin,"H(30) C(18) N(4) O(5) S",""
Phospho,"H O(3) P",""
Dehydrated,"","H(-2) O(-1)"
Propionamide,"H(5) C(3) N O",""
Pyridylacetyl,"H(5) C(7) N O",""
Pyro-carbamidomethyl,"C(2) O",""
Glu->pyro-Glu,"","H(-2) O(-1)"
Gln->pyro-Glu,"","H(-3) N(-1)"
SMA,"H(9) C(6) N O(2)",""
Cation:Na,"Na","H(-1)"
Pyridylethyl,"H(7) C(7) N",""
Methyl,"H(2) C",""
Oxidation,"O",""
Dimethyl,"H(4) C(2)",""
Trimethyl,"H(6) C(3)",""
Methylthio,"H(2) C S",""
Sulfo,"O(3) S",""
Hex,"Hex",""
Lipoyl,"H(12) C(8) O S(2)",""
HexNAc,"HexNAc",""
Farnesyl,"H(24) C(15)",""
Myristoyl,"H(26) C(14) O",""
PyridoxalPhosphate,"H(8) C(8) N O(5) P",""
Palmitoyl,"H(30) C(16) O",""
GeranylGeranyl,"H(32) C(20)",""
Phosphopantetheine,"H(21) C(11) N(2) O(6) P S",""
FAD,"H(31) C(27) N(9) O(15) P(2)",""
Tripalmitate,"H(96) C(51) O(5)",""
Guanidinyl,"H(2) C N(2)",""
HNE,"H(16) C(9) O(2)",""
Glucuronyl,"HexA",""
Glutathione,"H(15) C(10) N(3) O(6) S",""
Acetyl:2H(3),"2H(3) C(2) O","H(-1)"
Propionyl,"H(4) C(3) O",""
Propionyl:13C(3),"H(4) 13C(3) O",""
GIST-Quat,"H(13) C(7) N O",""
GIST-Quat:2H(3),"H(10) 2H(3) C(7) N O",""
GIST-Quat:2H(6),"H(7) 2H(6) C(7) N O",""
GIST-Quat:2H(9),"H(4) 2H(9) C(7) N O",""
Succinyl,"H(4) C(4) O(3)",""
Succinyl:2H(4),"2H(4) C(4) O(3)",""
Succinyl:13C(4),"H(4) 13C(4) O(3)",""
Iminobiotin,"H(15) C(10) N(3) O S",""
ESP,"H(26) C(16) N(4) O(2) S",""
ESP:2H(10),"H(16) 2H(10) C(16) N(4) O(2) S",""
NHS-LC-Biotin,"H(25) C(16) N(3) O(3) S",""
EDT-maleimide-PEO-biotin,"H(39) C(25) N(5) O(6) S(3)",""
IMID,"H(4) C(3) N(2)",""
IMID:2H(4),"2H(4) C(3) N(2)",""
Propionamide:2H(3),"H(2) 2H(3) C(3) N O",""
ICAT-C,"H(17) C(10) N(3) O(3)",""
ICAT-C:13C(9),"H(17) C 13C(9) N(3) O(3)",""
FormylMet,"H(9) C(6) N O(2) S",""
Nethylmaleimide,"H(7) C(6) N O(2)",""
OxLysBiotinRed,"H(26) C(16) N(4) O(3) S",""
OxLysBiotin,"H(24) C(16) N(4) O(3) S",""
OxProBiotinRed,"H(29) C(16) N(5) O(3) S",""
OxProBiotin,"H(27) C(16) N(5) O(3) S",""
OxArgBiotin,"H(22) C(15) N(2) O(3) S",""
OxArgBiotinRed,"H(24) C(15) N(2) O(3) S",""
EDT-iodoacetyl-PEO-biotin,"H(34) C(20) N(4) O(4) S(3)",""
IBTP,"H(21) C(22) P",""
GG,"H(6) C(4) N(2) O(2)",""
Formyl,"C O",""
ICAT-H,"H(20) C(15) N O(6) Cl",""
ICAT-H:13C(6),"H(20) C(9) 13C(6) N O(6) Cl",""
Xlink:DTSSP:88:,"H(4) C(3) O S",""
Fluoro,"F","H(-1)"
Fluorescein,"H(13) C(22) N O(6)",""
Iodo,"I","H(-1)"
Diiodo,"I(2)","H(-2)"
Triiodo,"I(3)","H(-3)"
Myristoleyl,"H(24) C(14) O",""
Myristoyl+Delta:H(-4),"H(22) C(14) O",""
Benzoyl,"H(4) C(7) O",""
Hex(5)HexNAc(2),"Hex(5) HexNAc(2)",""
Dansyl,"H(11) C(12) N O(2) S",""
a-type-ion,"","H(-2) C(-1) O(-2)"
Amidine,"H(3) C(2) N",""
HexNAc(1)dHex(1),"dHex HexNAc",""
HexNAc(2),"HexNAc(2)",""
Hex(3),"Hex(3)",""
HexNAc(1)dHex(2),"dHex(2) HexNAc",""
Hex(1)HexNAc(1)dHex(1),"dHex Hex HexNAc",""
HexNAc(2)dHex(1),"dHex HexNAc(2)",""
Hex(1)HexNAc(2),"Hex HexNAc(2)",""
Hex(1)HexNAc(1)NeuAc(1),"Hex HexNAc NeuAc",""
HexNAc(2)dHex(2),"dHex(2) HexNAc(2)",""
Hex(1)HexNAc(2)Pent(1),"Pent Hex HexNAc(2)",""
Hex(1)HexNAc(2)dHex(1),"dHex Hex HexNAc(2)",""
Hex(2)HexNAc(2),"Hex(2) HexNAc(2)",""
Hex(3)HexNAc(1)Pent(1),"Pent Hex(3) HexNAc",""
Hex(1)HexNAc(2)dHex(1)Pent(1),"Pent dHex Hex HexNAc(2)",""
Hex(1)HexNAc(2)dHex(2),"dHex(2) Hex HexNAc(2)",""
Hex(2)HexNAc(2)Pent(1),"Pent Hex(2) HexNAc(2)",""
Hex(2)HexNAc(2)dHex(1),"dHex Hex(2) HexNAc(2)",""
Hex(3)HexNAc(2),"Hex(3) HexNAc(2)",""
Hex(1)HexNAc(1)NeuAc(2),"Hex HexNAc NeuAc(2)",""
Hex(3)HexNAc(2)Phos(1),"H O(3) P Hex(3) HexNAc(2)",""
Delta:S(-1)Se(1),"Se","S(-1)"
Delta:H(1)N(-1)18O(1),"18O","H(-1) N(-1)"
NBS:13C(6),"H(3) 13C(6) N O(2) S",""
NBS,"H(3) C(6) N O(2) S",""
BHT,"H(22) C(15) O",""
DAET,"H(9) C(4) N S","O(-1)"
Label:13C(9),"13C(9)","C(-9)"
Label:13C(9)+Phospho,"H 13C(9) O(3) P","C(-9)"
HPG,"H(4) C(8) O(2)",""
2HPG,"H(10) C(16) O(5)",""
Label:13C(6),"13C(6)","C(-6)"
Label:18O(2),"18O(2)","O(-2)"
AccQTag,"H(6) C(10) N(2) O",""
QAT,"H(19) C(9) N(2) O",""
QAT:2H(3),"H(16) 2H(3) C(9) N(2) O",""
EQAT,"H(20) C(10) N(2) O",""
EQAT:2H(5),"H(15) 2H(5) C(10) N(2) O",""
Dimethyl:2H(4),"2H(4) C(2)",""
Ethanedithiol,"H(4) C(2) S(2)","O(-1)"
Delta:H(6)C(6)O(1),"H(6) C(6) O",""
Delta:H(4)C(3)O(1),"H(4) C(3) O",""
Delta:H(2)C(3),"H(2) C(3)",""
Delta:H(4)C(6),"H(4) C(6)",""
Delta:H(8)C(6)O(2),"H(8) C(6) O(2)",""
NEIAA,"H(7) C(4) N O",""
NEIAA:2H(5),"H(2) 2H(5) C(4) N O",""
ADP-Ribosyl,"H(13) C(10) N(5) O(9) P(2) Pent",""
iTRAQ4plex,"H(12) C(4) 13C(3) N 15N O",""
IGBP,"H(13) C(12) N(2) O(2) Br",""
Crotonaldehyde,"H(6) C(4) O",""
Delta:H(2)C(2),"H(2) C(2)",""
Delta:H(4)C(2),"H(4) C(2)",""
Delta:H(4)C(3),"H(4) C(3)",""
Label:18O(1),"18O","O(-1)"
Label:13C(6)15N(2),"13C(6) 15N(2)","C(-6) N(-2)"
Thiophospho,"H O(2) P S",""
SPITC,"H(5) C(7) N O(3) S(2)",""
Label:2H(3),"2H(3)","H(-3)"
PET,"H(7) C(7) N S","O(-1)"
Label:13C(6)15N(4),"13C(6) 15N(4)","C(-6) N(-4)"
Label:13C(5)15N(1),"13C(5) 15N","C(-5) N(-1)"
Label:13C(9)15N(1),"13C(9) 15N","C(-9) N(-1)"
Cytopiloyne,"H(22) C(19) O(7)",""
Cytopiloyne+water,"H(24) C(19) O(8)",""
CAF,"H(4) C(3) O(4) S",""
Nitrosyl,"N O","H(-1)"
AEBS,"H(9) C(8) N O(2) S",""
Ethanolyl,"H(4) C(2) O",""
Ethyl,"H(4) C(2)",""
CoenzymeA,"H(34) C(21) N(7) O(16) P(3) S",""
Methyl:2H(2),"2H(2) C",""
SulfanilicAcid,"H(5) C(6) N O(2) S",""
SulfanilicAcid:13C(6),"H(5) 13C(6) N O(2) S",""
Trp->Oxolactone,"O","H(-2)"
Biotin-PEO-Amine,"H(28) C(16) N(4) O(3) S",""
Biotin-HPDP,"H(32) C(19) N(4) O(3) S(2)",""
Delta:Hg(1),"Hg",""
IodoU-AMP,"H(11) C(9) N(2) O(9) P",""
CAMthiopropanoyl,"H(7) C(5) N O(2) S",""
IED-Biotin,"H(22) C(14) N(4) O(3) S",""
dHex,"dHex",""
Methyl:2H(3),"2H(3) C","H(-1)"
Carboxy,"C O(2)",""
Bromobimane,"H(10) C(10) N(2) O(2)",""
Menadione,"H(6) C(11) O(2)",""
DeStreak,"H(4) C(2) O S",""
dHex(1)Hex(3)HexNAc(4),"dHex Hex(3) HexNAc(4)",""
dHex(1)Hex(4)HexNAc(4),"dHex Hex(4) HexNAc(4)",""
dHex(1)Hex(5)HexNAc(4),"dHex Hex(5) HexNAc(4)",""
Hex(3)HexNAc(4),"Hex(3) HexNAc(4)",""
Hex(4)HexNAc(4),"Hex(4) HexNAc(4)",""
Hex(5)HexNAc(4),"Hex(5) HexNAc(4)",""
Cysteinyl,"H(5) C(3) N O(2) S",""
Lys-loss,"","H(-12) C(-6) N(-2) O(-1)"
Nmethylmaleimide,"H(5) C(5) N O(2)",""
DimethylpyrroleAdduct,"H(6) C(6)",""
Delta:H(2)C(5),"H(2) C(5)",""
Delta:H(2)C(3)O(1),"H(2) C(3) O",""
Nethylmaleimide+water,"H(9) C(6) N O(3)",""
Xlink:B10621,"H(30) C(31) N(4) O(6) S I",""
Xlink:DTBP:87:,"H(5) C(3) N S",""
FP-Biotin,"H(49) C(27) N(4) O(5) P S",""
Delta:H(4)C(2)O(-1)S(1),"H(4) C(2) S","O(-1)"
Methyl:2H(3)13C(1),"2H(3) 13C","H(-1)"
Dimethyl:2H(6)13C(2),"2H(6) 13C(2)","H(-2)"
Thiophos-S-S-biotin,"H(34) C(19) N(4) O(5) P S(3)",""
Can-FP-biotin,"H(34) C(19) N(3) O(5) P S",""
HNE+Delta:H(2),"H(18) C(9) O(2)",""
Methylamine,"H(3) C N","O(-1)"
Bromo,"Br","H(-1)"
Amino,"H N",""
Argbiotinhydrazide,"H(13) C(9) N O(2) S",""
Arg->GluSA,"O","H(-5) C(-1) N(-3)"
Trioxidation,"O(3)",""
His->Asn,"O","H(-1) C(-2) N(-1)"
His->Asp,"O(2)","H(-2) C(-2) N(-2)"
Trp->Hydroxykynurenin,"O(2)","C(-1)"
Trp->Kynurenin,"O","C(-1)"
Lys->Allysine,"O","H(-3) N(-1)"
Lysbiotinhydrazide,"H(15) C(10) N(3) O(2) S",""
Nitro,"N O(2)","H(-1)"
probiotinhydrazide,"H(18) C(10) N(4) O(2) S",""
Pro->pyro-Glu,"O","H(-2)"
Pro->Pyrrolidinone,"","H(-2) C(-1) O(-1)"
Thrbiotinhydrazide,"H(16) C(10) N(4) O S",""
Diisopropylphosphate,"H(13) C(6) O(3) P",""
Isopropylphospho,"H(7) C(3) O(3) P",""
ICPL:13C(6),"H(3) 13C(6) N O",""
ICPL,"H(3) C(6) N O",""
Deamidated:18O(1),"18O","H(-1) N(-1)"
Cys->Dha,"","H(-2) S(-1)"
Pro->Pyrrolidone,"","C(-1) O(-1)"
HMVK,"H(6) C(4) O(2)",""
Arg->Orn,"","H(-2) C(-1) N(-2)"
Dehydro,"","H(-1)"
Diphthamide,"H(14) C(7) N(2) O",""
Hydroxyfarnesyl,"H(24) C(15) O",""
Diacylglycerol,"H(68) C(37) O(4)",""
Carboxyethyl,"H(4) C(3) O(2)",""
Hypusine,"H(9) C(4) N O",""
Retinylidene,"H(26) C(20)",""
Lys->AminoadipicAcid,"O(2)","H(-3) N(-1)"
Cys->PyruvicAcid,"O","H(-3) N(-1) S(-1)"
Ammonia-loss,"","H(-3) N(-1)"
Phycocyanobilin,"H(38) C(33) N(4) O(6)",""
Phycoerythrobilin,"H(40) C(33) N(4) O(6)",""
Phytochromobilin,"H(36) C(33) N(4) O(6)",""
Heme,"H(32) C(34) N(4) O(4) Fe",""
Molybdopterin,"H(11) C(10) N(5) O(8) P S(2) Mo",""
Quinone,"O(2)","H(-2)"
Glucosylgalactosyl,"O Hex(2)",""
GPIanchor,"H(6) C(2) N O(3) P",""
PhosphoribosyldephosphoCoA,"H(42) C(26) N(7) O(19) P(3) S",""
GlycerylPE,"H(12) C(5) N O(5) P",""
Triiodothyronine,"H C(6) O I(3)",""
Thyroxine,"C(6) O I(4)",""
Tyr->Dha,"","H(-6) C(-6) O(-1)"
Didehydro,"","H(-2)"
Cys->Oxoalanine,"O","H(-2) S(-1)"
Ser->LacticAcid,"","H(-1) N(-1)"
Phosphoadenosine,"H(12) C(10) N(5) O(6) P",""
Hydroxycinnamyl,"H(6) C(9) O(2)",""
Glycosyl,"Hex","H(-2) C(-1)"
FMNH,"H(19) C(17) N(4) O(9) P",""
Archaeol,"H(86) C(43) O(2)",""
Phenylisocyanate,"H(5) C(7) N O",""
Phenylisocyanate:2H(5),"2H(5) C(7) N O",""
Phosphoguanosine,"H(12) C(10) N(5) O(7) P",""
Hydroxymethyl,"H(2) C O",""
MolybdopterinGD+Delta:S(-1)Se(1),"H(47) C(40) N(20) O(26) P(4) S(3) Se Mo",""
Dipyrrolylmethanemethyl,"H(22) C(20) N(2) O(8)",""
PhosphoUridine,"H(11) C(9) N(2) O(8) P",""
Glycerophospho,"H(7) C(3) O(5) P",""
Carboxy->Thiocarboxy,"S","O(-1)"
Sulfide,"S",""
PyruvicAcidIminyl,"H(2) C(3) O(2)",""
Delta:Se(1),"Se",""
MolybdopterinGD,"H(47) C(40) N(20) O(26) P(4) S(4) Mo",""
Dioxidation,"O(2)",""
Octanoyl,"H(14) C(8) O",""
PhosphoHexNAc,"H O(3) P HexNAc",""
PhosphoHex,"H O(3) P Hex",""
Palmitoleyl,"H(28) C(16) O",""
Cholesterol,"H(44) C(27)",""
Didehydroretinylidene,"H(24) C(20)",""
CHDH,"H(26) C(17) O(4)",""
Methylpyrroline,"H(7) C(6) N O",""
Hydroxyheme,"H(30) C(34) N(4) O(4) Fe",""
MicrocinC7,"H(19) C(13) N(6) O(6) P",""
Cyano,"C N","H(-1)"
Diironsubcluster,"C(5) N(2) O(5) S(2) Fe(2)","H(-1)"
Amidino,"H(2) C N(2)",""
FMN,"H(19) C(17) N(4) O(8) P",""
FMNC,"H(21) C(17) N(4) O(9) P",""
CuSMo,"H(24) C(19) N(8) O(15) P(2) S(3) Cu Mo",""
Hydroxytrimethyl,"H(7) C(3) O",""
Deoxy,"","O(-1)"
Microcin,"H(37) C(36) N(3) O(20)",""
Decanoyl,"H(18) C(10) O",""
Glu,"H(7) C(5) N O(3)",""
GluGlu,"H(14) C(10) N(2) O(6)",""
GluGluGlu,"H(21) C(15) N(3) O(9)",""
GluGluGluGlu,"H(28) C(20) N(4) O(12)",""
HexN,"HexN",""
Xlink:DMP:154:,"H(14) C(8) N(2) O",""
NDA,"H(5) C(13) N",""
SPITC:13C(6),"H(5) C 13C(6) N O(3) S(2)",""
AEC-MAEC,"H(5) C(2) N S","O(-1)"
TMAB,"H(14) C(7) N O",""
TMAB:2H(9),"H(5) 2H(9) C(7) N O",""
FTC,"H(15) C(21) N(3) O(5) S",""
Label:2H(4),"2H(4)","H(-4)"
DHP,"H(8) C(8) N",""
Hep,"Hep",""
BADGE,"H(24) C(21) O(4)",""
CyDye-Cy3,"H(44) C(37) N(4) O(6) S",""
CyDye-Cy5,"H(44) C(38) N(4) O(6) S",""
BHTOH,"H(22) C(15) O(2)",""
IGBP:13C(2),"H(13) C(10) 13C(2) N(2) O(2) Br",""
Nmethylmaleimide+water,"H(7) C(5) N O(3)",""
PyMIC,"H(6) C(7) N(2) O",""
LG-lactam-K,"H(28) C(20) O(4)",""
LG-Hlactam-K,"H(28) C(20) O(5)",""
LG-lactam-R,"H(26) C(19) O(4)","N(-2)"
LG-Hlactam-R,"H(26) C(19) O(5)","N(-2)"
Dimethyl:2H(4)13C(2),"2H(4) 13C(2)",""
Hex(2),"Hex(2)",""
C8-QAT,"H(29) C(14) N O",""
PropylNAGthiazoline,"H(14) C(9) N O(4) S",""
FNEM,"H(13) C(24) N O(7)",""
Diethyl,"H(8) C(4)",""
BisANS,"H(22) C(32) N(2) O(6) S(2)",""
Piperidine,"H(8) C(5)",""
Maleimide-PEO2-Biotin,"H(35) C(23) N(5) O(7) S",""
Sulfo-NHS-LC-LC-Biotin,"H(36) C(22) N(4) O(4) S",""
CLIP_TRAQ_2,"H(12) C(6) 13C N(2) O",""
Dethiomethyl,"","H(-4) C(-1) S(-1)"
Methyl+Deamidated,"H C O","N(-1)"
Delta:H(5)C(2),"H(5) C(2)",""
Cation:K,"K","H(-1)"
Cation:Cu:I:,"Cu","H(-1)"
iTRAQ4plex114,"H(12) C(5) 13C(2) N(2) 18O",""
iTRAQ4plex115,"H(12) C(6) 13C N 15N 18O",""
Dibromo,"Br(2)","H(-2)"
LRGG,"H(29) C(16) N(7) O(4)",""
CLIP_TRAQ_3,"H(20) C(11) 13C N(3) O(4)",""
CLIP_TRAQ_4,"H(15) C(9) 13C N(2) O(5)",""
Biotin:Cayman-10141,"H(54) C(35) N(4) O(4) S",""
Biotin:Cayman-10013,"H(60) C(36) N(4) O(5) S",""
Ala->Ser,"O",""
Ala->Thr,"H(2) C O",""
Ala->Asp,"C O(2)",""
Ala->Pro,"H(2) C(2)",""
Ala->Gly,"","H(-2) C(-1)"
Ala->Glu,"H(2) C(2) O(2)",""
Ala->Val,"H(4) C(2)",""
Cys->Phe,"H(4) C(6)","S(-1)"
Cys->Ser,"O","S(-1)"
Cys->Trp,"H(5) C(8) N","S(-1)"
Cys->Tyr,"H(4) C(6) O","S(-1)"
Cys->Arg,"H(7) C(3) N(3)","S(-1)"
Cys->Gly,"","H(-2) C(-1) S(-1)"
Asp->Ala,"","C(-1) O(-2)"
Asp->His,"H(2) C(2) N(2)","O(-2)"
Asp->Asn,"H N","O(-1)"
Asp->Gly,"","H(-2) C(-2) O(-2)"
Asp->Tyr,"H(4) C(5)","O(-1)"
Asp->Glu,"H(2) C",""
Asp->Val,"H(4) C","O(-2)"
Glu->Ala,"","H(-2) C(-2) O(-2)"
Glu->Gln,"H N","O(-1)"
Glu->Asp,"","H(-2) C(-1)"
Glu->Lys,"H(5) C N","O(-2)"
Glu->Gly,"","H(-4) C(-3) O(-2)"
Glu->Val,"H(2)","O(-2)"
Phe->Ser,"O","H(-4) C(-6)"
Phe->Cys,"S","H(-4) C(-6)"
Phe->Xle,"H(2)","C(-3)"
Phe->Tyr,"O",""
Phe->Val,"","C(-4)"
Gly->Ala,"H(2) C",""
Gly->Ser,"H(2) C O",""
Gly->Trp,"H(7) C(9) N",""
Gly->Glu,"H(4) C(3) O(2)",""
Gly->Val,"H(6) C(3)",""
Gly->Asp,"H(2) C(2) O(2)",""
Gly->Cys,"H(2) C S",""
Gly->Arg,"H(9) C(4) N(3)",""
His->Pro,"","C(-1) N(-2)"
His->Tyr,"H(2) C(3) O","N(-2)"
His->Gln,"H O","C(-1) N(-1)"
His->Arg,"H(5) N",""
His->Xle,"H(4)","N(-2)"
Xle->Thr,"O","H(-4) C(-2)"
Xle->Asn,"N O","H(-5) C(-2)"
Xle->Lys,"H N",""
Lys->Thr,"O","H(-5) C(-2) N(-1)"
Lys->Asn,"O","H(-6) C(-2)"
Lys->Glu,"O(2)","H(-5) C(-1) N(-1)"
Lys->Gln,"O","H(-4) C(-1)"
Lys->Met,"S","H(-3) C(-1) N(-1)"
Lys->Arg,"N(2)",""
Lys->Xle,"","H(-1) N(-1)"
Xle->Ser,"O","H(-6) C(-3)"
Xle->Phe,"C(3)","H(-2)"
Xle->Trp,"C(5) N","H(-1)"
Xle->Pro,"","H(-4) C(-1)"
Xle->Val,"","H(-2) C(-1)"
Xle->His,"N(2)","H(-4)"
Xle->Gln,"N O","H(-3) C(-1)"
Xle->Met,"S","H(-2) C(-1)"
Xle->Arg,"H N(3)",""
Met->Thr,"O","H(-2) C(-1) S(-1)"
Met->Arg,"H(3) C N(3)","S(-1)"
Met->Lys,"H(3) C N","S(-1)"
Met->Xle,"H(2) C","S(-1)"
Met->Val,"","S(-1)"
Asn->Ser,"","H(-1) C(-1) N(-1)"
Asn->Thr,"H","N(-1)"
Asn->Lys,"H(6) C(2)","O(-1)"
Asn->Tyr,"H(3) C(5)","N(-1)"
Asn->His,"H C(2) N","O(-1)"
Asn->Asp,"O","H(-1) N(-1)"
Asn->Xle,"H(5) C(2)","N(-1) O(-1)"
Pro->Ser,"O","H(-2) C(-2)"
Pro->Ala,"","H(-2) C(-2)"
Pro->His,"C N(2)",""
Pro->Gln,"H N O",""
Pro->Thr,"O","C(-1)"
Pro->Arg,"H(5) C N(3)",""
Pro->Xle,"H(4) C",""
Gln->Pro,"","H(-1) N(-1) O(-1)"
Gln->Lys,"H(4) C","O(-1)"
Gln->Glu,"O","H(-1) N(-1)"
Gln->His,"C N","H(-1) O(-1)"
Gln->Arg,"H(4) C N(2)","O(-1)"
Gln->Xle,"H(3) C","N(-1) O(-1)"
Arg->Ser,"O","H(-7) C(-3) N(-3)"
Arg->Trp,"C(5)","H(-2) N(-2)"
Arg->Thr,"O","H(-5) C(-2) N(-3)"
Arg->Pro,"","H(-5) C(-1) N(-3)"
Arg->Lys,"","N(-2)"
Arg->His,"","H(-5) N(-1)"
Arg->Gln,"O","H(-4) C(-1) N(-2)"
Arg->Met,"S","H(-3) C(-1) N(-3)"
Arg->Cys,"S","H(-7) C(-3) N(-3)"
Arg->Xle,"","H(-1) N(-3)"
Arg->Gly,"","H(-9) C(-4) N(-3)"
Ser->Phe,"H(4) C(6)","O(-1)"
Ser->Ala,"","O(-1)"
Ser->Trp,"H(5) C(8) N","O(-1)"
Ser->Thr,"H(2) C",""
Ser->Asn,"H C N",""
Ser->Pro,"H(2) C(2)","O(-1)"
Ser->Tyr,"H(4) C(6)",""
Ser->Cys,"S","O(-1)"
Ser->Arg,"H(7) C(3) N(3)","O(-1)"
Ser->Xle,"H(6) C(3)","O(-1)"
Ser->Gly,"","H(-2) C(-1) O(-1)"
Thr->Ser,"","H(-2) C(-1)"
Thr->Ala,"","H(-2) C(-1) O(-1)"
Thr->Asn,"N","H(-1)"
Thr->Lys,"H(5) C(2) N","O(-1)"
Thr->Pro,"C","O(-1)"
Thr->Met,"H(2) C S","O(-1)"
Thr->Xle,"H(4) C(2)","O(-1)"
Thr->Arg,"H(5) C(2) N(3)","O(-1)"
Val->Phe,"C(4)",""
Val->Ala,"","H(-4) C(-2)"
Val->Glu,"O(2)","H(-2)"
Val->Met,"S",""
Val->Asp,"O(2)","H(-4) C(-1)"
Val->Xle,"H(2) C",""
Val->Gly,"","H(-6) C(-3)"
Trp->Ser,"O","H(-5) C(-8) N(-1)"
Trp->Cys,"S","H(-5) C(-8) N(-1)"
Trp->Arg,"H(2) N(2)","C(-5)"
Trp->Gly,"","H(-7) C(-9) N(-1)"
Trp->Xle,"H","C(-5) N(-1)"
Tyr->Phe,"","O(-1)"
Tyr->Ser,"","H(-4) C(-6)"
Tyr->Asn,"N","H(-3) C(-5)"
Tyr->His,"N(2)","H(-2) C(-3) O(-1)"
Tyr->Asp,"O","H(-4) C(-5)"
Tyr->Cys,"S","H(-4) C(-6) O(-1)"
BDMAPP,"H(12) C(11) N O Br",""
NA-LNO2,"H(31) C(18) N O(4)",""
NA-OA-NO2,"H(33) C(18) N O(4)",""
ICPL:2H(4),"2H(4) C(6) N O","H(-1)"
Label:13C(6)15N(1),"13C(6) 15N","C(-6) N(-1)"
Label:2H(9)13C(6)15N(2),"2H(9) 13C(6) 15N(2)","H(-9) C(-6) N(-2)"
NIC,"H(3) C(6) N O",""
dNIC,"H 2H(3) C(6) N O",""
HNE-Delta:H(2)O,"H(14) C(9) O",""
4-ONE,"H(14) C(9) O(2)",""
O-Dimethylphosphate,"H(5) C(2) O(3) P",""
O-Methylphosphate,"H(3) C O(3) P",""
Diethylphosphate,"H(9) C(4) O(3) P",""
Ethylphosphate,"H(5) C(2) O(3) P",""
O-pinacolylmethylphosphonate,"H(15) C(7) O(2) P",""
Methylphosphonate,"H(3) C O(2) P",""
O-Isopropylmethylphosphonate,"H(9) C(4) O(2) P",""
iTRAQ8plex,"H(24) C(7) 13C(7) N(3) 15N O(3)",""
iTRAQ8plex:13C(6)15N(2),"H(24) C(8) 13C(6) N(2) 15N(2) O(3)",""
Ethanolamine,"H(5) C(2) N",""
BEMAD_ST,"H(8) C(4) O S(2)",""
BEMAD_C,"H(8) C(4) O(2) S",""
TMT6plex,"H(20) C(8) 13C(4) N 15N O(2)",""
TMT2plex,"H(20) C(11) 13C N(2) O(2)",""
TMT,"H(20) C(12) N(2) O(2)",""
ExacTagThiol,"H(50) C(23) 13C(12) N(8) 15N(6) O(18)",""
ExacTagAmine,"H(52) C(25) 13C(12) N(8) 15N(6) O(19) S",""
4-ONE+Delta:H(-2)O(-1),"H(12) C(9) O",""
NO_SMX_SEMD,"H(10) C(10) N(3) O(3) S",""
NO_SMX_SMCT,"H(10) C(10) N(3) O(4) S",""
NO_SMX_SIMD,"H(9) C(10) N(3) O(4) S",""
Malonyl,"H(2) C(3) O(3)",""
3sulfo,"H(4) C(7) O(4) S",""
trifluoro,"F(3)","H(-3)"
TNBS,"H C(6) N(3) O(6)",""
IDEnT,"H(7) C(9) N O Cl(2)",""
BEMAD_ST:2H(6),"H(2) 2H(6) C(4) O S(2)",""
BEMAD_C:2H(6),"H(2) 2H(6) C(4) O(2) S",""
Met-loss,"","H(-9) C(-5) N(-1) O(-1) S(-1)"
Met-loss+Acetyl,"","H(-7) C(-3) N(-1) S(-1)"
Menadione-HQ,"H(8) C(11) O(2)",""
Methyl+Acetyl:2H(3),"H 2H(3) C(3) O",""
lapachenole,"H(16) C(16) O(2)",""
Label:13C(5),"13C(5)","C(-5)"
leimide,"H(3) C(4) N O(2)",""
Biotin-phenacyl,"H(38) C(29) N(8) O(6) S",""
Carboxymethyl:13C(2),"H(2) 13C(2) O(2)",""
NEM:2H(5),"H(2) 2H(5) C(6) N O(2)",""
AEC-MAEC:2H(4),"H 2H(4) C(2) N S","O(-1)"
Hex(1)HexNAc(1),"Hex HexNAc",""
Label:13C(6)+GG,"H(6) 13C(6) N(2) O(2)","C(-2)"
Biotin:Thermo-21345,"H(25) C(15) N(3) O(2) S",""
Pentylamine,"H(11) C(5) N",""
Biotin:Thermo-21360,"H(37) C(21) N(5) O(6) S",""
Cy3b-maleimide,"H(38) C(37) N(4) O(7) S",""
Gly-loss+Amide,"","H(-2) C(-2) O(-2)"
Xlink:BMOE,"H(8) C(10) N(2) O(4)",""
Xlink:DFDNB,"C(6) N(2) O(4)",""
TMPP-Ac,"H(33) C(29) O(10) P",""
Dihydroxyimidazolidine,"H(4) C(3) O(2)",""
Label:2H(4)+Acetyl,"2H(4) C(2) O","H(-2)"
Label:13C(6)+Acetyl,"H(2) 13C(6) O","C(-4)"
Label:13C(6)15N(2)+Acetyl,"H(2) 13C(6) 15N(2) O","C(-4) N(-2)"
Arg->Npo,"C(3) N O(2)","H(-1)"
EQIGG,"H(32) C(20) N(6) O(8)",""
Arg2PG,"H(10) C(16) O(4)",""
cGMP,"H(10) C(10) N(5) O(7) P",""
cGMP+RMP-loss,"H(4) C(5) N(5) O",""
Label:2H(4)+GG,"H(2) 2H(4) C(4) N(2) O(2)",""
MG-H1,"H(2) C(3) O",""
G-H1,"C(2) O",""
ZGB,"H(53) B C(37) N(6) O(6) F(2) S",""
Label:13C(1)2H(3),"2H(3) 13C","H(-3) C(-1)"
Label:13C(6)15N(2)+GG,"H(6) 13C(6) 15N(2) O(2)","C(-2)"
ICPL:13C(6)2H(4),"2H(4) 13C(6) N O","H(-1)"
QEQTGG,"H(36) C(23) N(8) O(11)",""
QQQTGG,"H(37) C(23) N(9) O(10)",""
Bodipy,"H(21) B C(20) N(4) O(3) F(2)",""
Biotin:Thermo-21325,"H(45) C(34) N(7) O(7) S",""
Label:13C(1)2H(3)+Oxidation,"2H(3) 13C O","H(-3) C(-1)"
HydroxymethylOP,"H(4) C(6) O(2)",""
MDCC,"H(21) C(20) N(3) O(5)",""
TRAQ,"H(12) C(7) N(2) O",""
TRAQ:13C(3)15N(1),"H(12) C(4) 13C(3) N 15N O",""
DyLight-maleimide,"H(48) C(39) N(4) O(15) S(4)",""
Methyl-PEO12-Maleimide,"H(58) C(32) N(2) O(15)",""
CarbamidomethylDTT,"H(11) C(6) N O(3) S(2)",""
CarboxymethylDTT,"H(10) C(6) O(4) S(2)",""
Biotin-PEG-PRA,"H(42) C(26) N(8) O(7)",""
Met->Aha,"N(3)","H(-3) C(-1) S(-1)"
Label:15N(4),"15N(4)","N(-4)"
pyrophospho,"H(2) O(6) P(2)",""
Met->Hpg,"C","H(-2) S(-1)"
4AcAllylGal,"H(24) C(17) O(9)",""
DimethylArsino,"H(5) C(2) As",""
Lys->CamCys,"O S","H(-4) C(-1)"
Phe->CamCys,"N O S","H(-1) C(-4)"
Leu->MetOx,"O S","H(-2) C(-1)"
Lys->MetOx,"O S","H(-3) C(-1) N(-1)"
Galactosyl,"O Hex",""
Xlink:SMCC:321:,"H(27) C(17) N(3) O(3)",""
Bacillosamine,"H(6) C(4) N(2) dHex",""
MTSL,"H(14) C(9) N O S",""
HNE-BAHAH,"H(45) C(25) N(5) O(4) S",""
Methylmalonylation,"H(4) C(4) O(3)",""
Ethoxyformyl,"H(4) C(3) O(2)",""
Label:13C(4)15N(2)+GG,"H(6) 13C(4) 15N(2) O(2)",""
Ethylamino,"H(5) C(2) N","O(-1)"
MercaptoEthanol,"H(4) C(2) S",""
Ethyl+Deamidated,"H(3) C(2) O","N(-1)"
VFQQQTGG,"H(55) C(37) N(11) O(12)",""
VIEVYQEQTGG,"H(81) C(53) N(13) O(19)",""
AMTzHexNAc2,"H(30) C(19) N(6) O(10)",""
Atto495Maleimide,"H(32) C(27) N(5) O(3)",""
Chlorination,"Cl","H(-1)"
dichlorination,"Cl(2)","H(-2)"
AROD,"H(52) C(35) N(10) O(9) S(2)",""
Cys->methylaminoAla,"H(3) C N","S(-1)"
Cys->ethylaminoAla,"H(5) C(2) N","S(-1)"
DNPS,"H(3) C(6) N(2) O(4) S",""
SulfoGMBS,"H(26) C(22) N(4) O(5) S",""
DimethylamineGMBS,"H(21) C(13) N(3) O(3)",""
Label:15N(2)2H(9),"2H(9) 15N(2)","H(-9) N(-2)"
LG-anhydrolactam,"H(26) C(20) O(3)",""
LG-pyrrole,"H(28) C(20) O(3)",""
LG-anhyropyrrole,"H(26) C(20) O(2)",""
3-deoxyglucosone,"H(8) C(6) O(4)",""
Cation:Li,"Li","H(-1)"
Cation:Ca:II:,"Ca","H(-2)"
Cation:Fe:II:,"Fe","H(-2)"
Cation:Ni:II:,"Ni","H(-2)"
Cation:Zn:II:,"Zn","H(-2)"
Cation:Ag,"Ag","H(-1)"
Cation:Mg:II:,"Mg","H(-2)"
2-succinyl,"H(4) C(4) O(4)",""
Propargylamine,"H(3) C(3) N","O(-1)"
Phosphopropargyl,"H(4) C(3) N O(2) P",""
SUMO2135,"H(137) C(90) N(21) O(37) S",""
SUMO3549,"H(224) C(150) N(38) O(60) S",""
thioacylPA,"H(9) C(6) N O(2) S",""
leimide3,"H(59) C(37) N(7) O(23)",""
leimide5,"H(79) C(49) N(7) O(33)",""
Puromycin,"H(27) C(22) N(7) O(4)",""
Carbofuran,"H(4) C(2) N O",""
BITC,"H(7) C(8) N S",""
PEITC,"H(9) C(9) N S",""
glucosone,"H(8) C(6) O(5)",""
cysTMT,"H(25) C(14) N(3) O(2) S",""
cysTMT6plex,"H(25) C(10) 13C(4) N(2) 15N O(2) S",""
Label:13C(6)+Dimethyl,"H(4) 13C(6)","C(-4)"
Label:13C(6)15N(2)+Dimethyl,"H(4) 13C(6) 15N(2)","C(-4) N(-2)"
Ammonium,"H(3) N",""
ISD_z+2_ion,"","H(-1) N(-1)"
Biotin:Sigma-B1267,"H(27) C(20) N(5) O(5) S",""
Label:15N(1),"15N","N(-1)"
Label:15N(2),"15N(2)","N(-2)"
Label:15N(3),"15N(3)","N(-3)"
sulfo+amino,"H N O(3) S",""
AHA-Alkyne,"H(5) C(4) N(5) O","S(-1)"
AHA-Alkyne-KDDDD,"H(37) C(26) N(11) O(14)","S(-1)"
EGCG1,"H(16) C(22) O(11)",""
EGCG2,"H(11) C(15) O(6)",""
Label:13C(6)15N(4)+Methyl,"H(2) 13C(6) 15N(4)","C(-5) N(-4)"
Label:13C(6)15N(4)+Dimethyl,"H(4) 13C(6) 15N(4)","C(-4) N(-4)"
Label:13C(6)15N(4)+Methyl:2H(3)13C(1),"2H(3) 13C(7) 15N(4)","H(-1) C(-6) N(-4)"
Label:13C(6)15N(4)+Dimethyl:2H(6)13C(2),"2H(6) 13C(8) 15N(4)","H(-2) C(-6) N(-4)"
Cys->CamSec,"H(3) C(2) N O Se","S(-1)"
Thiazolidine,"C",""
DEDGFLYMVYASQETFG,"H(122) C(89) N(18) O(31) S",""
Biotin:Invitrogen-M1602,"H(33) C(23) N(5) O(7) S",""
glycidamide,"H(5) C(3) N O(2)",""
Ahx2+Hsl,"H(27) C(16) N(3) O(3)",""
DMPO,"H(9) C(6) N O",""
ICDID,"H(10) C(8) O(2)",""
ICDID:2H(6),"H(4) 2H(6) C(8) O(2)",""
Xlink:DSS:156:,"H(12) C(8) O(3)",""
Xlink:EGS:244:,"H(12) C(10) O(7)",""
Xlink:DST:132:,"H(4) C(4) O(5)",""
Xlink:DTSSP:192:,"H(8) C(6) O(3) S(2)",""
Xlink:SMCC:237:,"H(15) C(12) N O(4)",""
Xlink:DMP:140:,"H(12) C(7) N(2) O",""
Xlink:EGS:115:,"H(5) C(4) N O(3)",""
Biotin:Thermo-88310,"H(16) C(10) N(2) O(2)",""
2-nitrobenzyl,"H(5) C(7) N O(2)",""
Cys->SecNEM,"H(7) C(6) N O(2) Se","S(-1)"
Cys->SecNEM:2H(5),"H(2) 2H(5) C(6) N O(2) Se","S(-1)"
Thiadiazole,"H(6) C(9) N(2) S",""
Withaferin,"H(38) C(28) O(6)",""
Biotin:Thermo-88317,"H(42) C(22) N(3) O(4) P",""
TAMRA-FP,"H(46) C(37) N(3) O(6) P",""
Biotin:Thermo-21901+H2O,"H(37) C(23) N(5) O(8) S",""
Deoxyhypusine,"H(9) C(4) N",""
Acetyldeoxyhypusine,"H(11) C(6) N",""
Acetylhypusine,"H(11) C(6) N O",""
Ala->Cys,"S",""
Ala->Phe,"H(4) C(6)",""
Ala->His,"H(2) C(3) N(2)",""
Ala->Xle,"H(6) C(3)",""
Ala->Lys,"H(7) C(3) N",""
Ala->Met,"H(4) C(2) S",""
Ala->Asn,"H C N O",""
Ala->Gln,"H(3) C(2) N O",""
Ala->Arg,"H(7) C(3) N(3)",""
Ala->Trp,"H(5) C(8) N",""
Ala->Tyr,"H(4) C(6) O",""
Cys->Ala,"","S(-1)"
Cys->Asp,"C O(2)","S(-1)"
Cys->Glu,"H(2) C(2) O(2)","S(-1)"
Cys->His,"H(2) C(3) N(2)","S(-1)"
Cys->Xle,"H(6) C(3)","S(-1)"
Cys->Lys,"H(7) C(3) N","S(-1)"
Cys->Met,"H(4) C(2)",""
Cys->Asn,"H C N O","S(-1)"
Cys->Pro,"H(2) C(2)","S(-1)"
Cys->Gln,"H(3) C(2) N O","S(-1)"
Cys->Thr,"H(2) C O","S(-1)"
Cys->Val,"H(4) C(2)","S(-1)"
Asp->Cys,"S","C(-1) O(-2)"
Asp->Phe,"H(4) C(5)","O(-2)"
Asp->Xle,"H(6) C(2)","O(-2)"
Asp->Lys,"H(7) C(2) N","O(-2)"
Asp->Met,"H(4) C S","O(-2)"
Asp->Pro,"H(2) C","O(-2)"
Asp->Gln,"H(3) C N","O(-1)"
Asp->Arg,"H(7) C(2) N(3)","O(-2)"
Asp->Ser,"","C(-1) O(-1)"
Asp->Thr,"H(2)","O(-1)"
Asp->Trp,"H(5) C(7) N","O(-2)"
Glu->Cys,"S","H(-2) C(-2) O(-2)"
Glu->Phe,"H(2) C(4)","O(-2)"
Glu->His,"C N(2)","O(-2)"
Glu->Xle,"H(4) C","O(-2)"
Glu->Met,"H(2) S","O(-2)"
Glu->Asn,"N","H(-1) C(-1) O(-1)"
Glu->Pro,"","O(-2)"
Glu->Arg,"H(5) C N(3)","O(-2)"
Glu->Ser,"","H(-2) C(-2) O(-1)"
Glu->Thr,"","C(-1) O(-1)"
Glu->Trp,"H(3) C(6) N","O(-2)"
Glu->Tyr,"H(2) C(4)","O(-1)"
Phe->Ala,"","H(-4) C(-6)"
Phe->Asp,"O(2)","H(-4) C(-5)"
Phe->Glu,"O(2)","H(-2) C(-4)"
Phe->Gly,"","H(-6) C(-7)"
Phe->His,"N(2)","H(-2) C(-3)"
Phe->Lys,"H(3) N","C(-3)"
Phe->Met,"S","C(-4)"
Phe->Asn,"N O","H(-3) C(-5)"
Phe->Pro,"","H(-2) C(-4)"
Phe->Gln,"N O","H(-1) C(-4)"
Phe->Arg,"H(3) N(3)","C(-3)"
Phe->Thr,"O","H(-2) C(-5)"
Phe->Trp,"H C(2) N",""
Gly->Phe,"H(6) C(7)",""
Gly->His,"H(4) C(4) N(2)",""
Gly->Xle,"H(8) C(4)",""
Gly->Lys,"H(9) C(4) N",""
Gly->Met,"H(6) C(3) S",""
Gly->Asn,"H(3) C(2) N O",""
Gly->Pro,"H(4) C(3)",""
Gly->Gln,"H(5) C(3) N O",""
Gly->Thr,"H(4) C(2) O",""
Gly->Tyr,"H(6) C(7) O",""
His->Ala,"","H(-2) C(-3) N(-2)"
His->Cys,"S","H(-2) C(-3) N(-2)"
His->Glu,"O(2)","C(-1) N(-2)"
His->Phe,"H(2) C(3)","N(-2)"
His->Gly,"","H(-4) C(-4) N(-2)"
His->Lys,"H(5)","N(-1)"
His->Met,"H(2) S","C(-1) N(-2)"
His->Ser,"O","H(-2) C(-3) N(-2)"
His->Thr,"O","C(-2) N(-2)"
His->Val,"H(2)","C(-1) N(-2)"
His->Trp,"H(3) C(5)","N(-1)"
Xle->Ala,"","H(-6) C(-3)"
Xle->Cys,"S","H(-6) C(-3)"
Xle->Asp,"O(2)","H(-6) C(-2)"
Xle->Glu,"O(2)","H(-4) C(-1)"
Xle->Gly,"","H(-8) C(-4)"
Xle->Tyr,"C(3) O","H(-2)"
Lys->Ala,"","H(-7) C(-3) N(-1)"
Lys->Cys,"S","H(-7) C(-3) N(-1)"
Lys->Asp,"O(2)","H(-7) C(-2) N(-1)"
Lys->Phe,"C(3)","H(-3) N(-1)"
Lys->Gly,"","H(-9) C(-4) N(-1)"
Lys->His,"N","H(-5)"
Lys->Pro,"","H(-5) C(-1) N(-1)"
Lys->Ser,"O","H(-7) C(-3) N(-1)"
Lys->Val,"","H(-3) C(-1) N(-1)"
Lys->Trp,"C(5)","H(-2)"
Lys->Tyr,"C(3) O","H(-3) N(-1)"
Met->Ala,"","H(-4) C(-2) S(-1)"
Met->Cys,"","H(-4) C(-2)"
Met->Asp,"O(2)","H(-4) C(-1) S(-1)"
Met->Glu,"O(2)","H(-2) S(-1)"
Met->Phe,"C(4)","S(-1)"
Met->Gly,"","H(-6) C(-3) S(-1)"
Met->His,"C N(2)","H(-2) S(-1)"
Met->Asn,"N O","H(-3) C(-1) S(-1)"
Met->Pro,"","H(-2) S(-1)"
Met->Gln,"N O","H(-1) S(-1)"
Met->Ser,"O","H(-4) C(-2) S(-1)"
Met->Trp,"H C(6) N","S(-1)"
Met->Tyr,"C(4) O","S(-1)"
Asn->Ala,"","H(-1) C(-1) N(-1) O(-1)"
Asn->Cys,"S","H(-1) C(-1) N(-1) O(-1)"
Asn->Glu,"H C O","N(-1)"
Asn->Phe,"H(3) C(5)","N(-1) O(-1)"
Asn->Gly,"","H(-3) C(-2) N(-1) O(-1)"
Asn->Met,"H(3) C S","N(-1) O(-1)"
Asn->Pro,"H C","N(-1) O(-1)"
Asn->Gln,"H(2) C",""
Asn->Arg,"H(6) C(2) N(2)","O(-1)"
Asn->Val,"H(3) C","N(-1) O(-1)"
Asn->Trp,"H(4) C(7)","O(-1)"
Pro->Cys,"S","H(-2) C(-2)"
Pro->Asp,"O(2)","H(-2) C(-1)"
Pro->Glu,"O(2)",""
Pro->Phe,"H(2) C(4)",""
Pro->Gly,"","H(-4) C(-3)"
Pro->Lys,"H(5) C N",""
Pro->Met,"H(2) S",""
Pro->Asn,"N O","H(-1) C(-1)"
Pro->Val,"H(2)",""
Pro->Trp,"H(3) C(6) N",""
Pro->Tyr,"H(2) C(4) O",""
Gln->Ala,"","H(-3) C(-2) N(-1) O(-1)"
Gln->Cys,"S","H(-3) C(-2) N(-1) O(-1)"
Gln->Asp,"O","H(-3) C(-1) N(-1)"
Gln->Phe,"H C(4)","N(-1) O(-1)"
Gln->Gly,"","H(-5) C(-3) N(-1) O(-1)"
Gln->Met,"H S","N(-1) O(-1)"
Gln->Asn,"","H(-2) C(-1)"
Gln->Ser,"","H(-3) C(-2) N(-1)"
Gln->Thr,"","H(-1) C(-1) N(-1)"
Gln->Val,"H","N(-1) O(-1)"
Gln->Trp,"H(2) C(6)","O(-1)"
Gln->Tyr,"H C(4)","N(-1)"
Arg->Ala,"","H(-7) C(-3) N(-3)"
Arg->Asp,"O(2)","H(-7) C(-2) N(-3)"
Arg->Glu,"O(2)","H(-5) C(-1) N(-3)"
Arg->Asn,"O","H(-6) C(-2) N(-2)"
Arg->Val,"","H(-3) C(-1) N(-3)"
Arg->Tyr,"C(3) O","H(-3) N(-3)"
Arg->Phe,"C(3)","H(-3) N(-3)"
Ser->Asp,"C O",""
Ser->Glu,"H(2) C(2) O",""
Ser->His,"H(2) C(3) N(2)","O(-1)"
Ser->Lys,"H(7) C(3) N","O(-1)"
Ser->Met,"H(4) C(2) S","O(-1)"
Ser->Gln,"H(3) C(2) N",""
Ser->Val,"H(4) C(2)","O(-1)"
Thr->Cys,"S","H(-2) C(-1) O(-1)"
Thr->Asp,"O","H(-2)"
Thr->Glu,"C O",""
Thr->Phe,"H(2) C(5)","O(-1)"
Thr->Gly,"","H(-4) C(-2) O(-1)"
Thr->His,"C(2) N(2)","O(-1)"
Thr->Gln,"H C N",""
Thr->Val,"H(2) C","O(-1)"
Thr->Trp,"H(3) C(7) N","O(-1)"
Thr->Tyr,"H(2) C(5)",""
Val->Cys,"S","H(-4) C(-2)"
Val->His,"C N(2)","H(-2)"
Val->Lys,"H(3) C N",""
Val->Asn,"N O","H(-3) C(-1)"
Val->Pro,"","H(-2)"
Val->Gln,"N O","H(-1)"
Val->Arg,"H(3) C N(3)",""
Val->Ser,"O","H(-4) C(-2)"
Val->Thr,"O","H(-2) C(-1)"
Val->Trp,"H C(6) N",""
Val->Tyr,"C(4) O",""
Trp->Ala,"","H(-5) C(-8) N(-1)"
Trp->Asp,"O(2)","H(-5) C(-7) N(-1)"
Trp->Glu,"O(2)","H(-3) C(-6) N(-1)"
Trp->Phe,"","H(-1) C(-2) N(-1)"
Trp->His,"N","H(-3) C(-5)"
Trp->Lys,"H(2)","C(-5)"
Trp->Met,"S","H(-1) C(-6) N(-1)"
Trp->Asn,"O","H(-4) C(-7)"
Trp->Pro,"","H(-3) C(-6) N(-1)"
Trp->Gln,"O","H(-2) C(-6)"
Trp->Thr,"O","H(-3) C(-7) N(-1)"
Trp->Val,"","H(-1) C(-6) N(-1)"
Trp->Tyr,"O","H(-1) C(-2) N(-1)"
Tyr->Ala,"","H(-4) C(-6) O(-1)"
Tyr->Glu,"O","H(-2) C(-4)"
Tyr->Gly,"","H(-6) C(-7) O(-1)"
Tyr->Lys,"H(3) N","C(-3) O(-1)"
Tyr->Met,"S","C(-4) O(-1)"
Tyr->Pro,"","H(-2) C(-4) O(-1)"
Tyr->Gln,"N","H(-1) C(-4)"
Tyr->Arg,"H(3) N(3)","C(-3) O(-1)"
Tyr->Thr,"","H(-2) C(-5)"
Tyr->Val,"","C(-4) O(-1)"
Tyr->Trp,"H C(2) N","O(-1)"
Tyr->Xle,"H(2)","C(-3) O(-1)"
AHA-SS,"H(9) C(7) N(5) O(2)",""
AHA-SS_CAM,"H(12) C(9) N(6) O(3)",""
Biotin:Thermo-33033,"H(36) C(25) N(6) O(4) S(2)",""
Biotin:Thermo-33033-H,"H(34) C(25) N(6) O(4) S(2)",""
2-monomethylsuccinyl,"H(6) C(5) O(4)",""
Saligenin,"H(6) C(7) O",""
Cresylphosphate,"H(7) C(7) O(3) P",""
CresylSaligeninPhosphate,"H(13) C(14) O(4) P",""
Ub-Br2,"H(8) C(4) N(2) O",""
Ub-VME,"H(13) C(7) N(2) O(3)",""
Ub-amide,"H(14) C(9) N(3) O(2)",""
Ub-fluorescein,"H(29) C(31) N(6) O(7)",""
2-dimethylsuccinyl,"H(8) C(6) O(4)",""
Gly,"H(3) C(2) N O",""
pupylation,"H(13) C(9) N(3) O(5)",""
Label:13C(4),"13C(4)","C(-4)"
Label:13C(4)+Oxidation,"13C(4) O","C(-4)"
HCysThiolactone,"H(7) C(4) N O S",""
HCysteinyl,"H(7) C(4) N O(2) S",""
UgiJoullie,"H(60) C(47) N(23) O(10)",""
Dipyridyl,"H(11) C(13) N(3) O",""
Furan,"H(2) C(4) O",""
Difuran,"H(4) C(8) O(2)",""
BMP-piperidinol,"H(17) C(18) N O",""
UgiJoullieProGly,"H(10) C(7) N(2) O(2)",""
UgiJoullieProGlyProGly,"H(20) C(14) N(4) O(4)",""
IMEHex(2)NeuAc(1),"H(3) C(2) N S Hex(2) NeuAc",""
Arg-loss,"","H(-12) C(-6) N(-4) O(-1)"
Arg,"H(12) C(6) N(4) O",""
Butyryl,"H(6) C(4) O",""
Dicarbamidomethyl,"H(6) C(4) N(2) O(2)",""
Dimethyl:2H(6),"2H(6) C(2)","H(-2)"
GGQ,"H(14) C(9) N(4) O(4)",""
QTGG,"H(21) C(13) N(5) O(6)",""
Label:13C(3),"13C(3)","C(-3)"
Label:13C(3)15N(1),"13C(3) 15N","C(-3) N(-1)"
Label:13C(4)15N(1),"13C(4) 15N","C(-4) N(-1)"
Label:2H(10),"2H(10)","H(-10)"
Label:2H(4)13C(1),"2H(4) 13C","H(-4) C(-1)"
Lys,"H(12) C(6) N(2) O",""
TRAQ:13C(6)15N(2),"H(12) C 13C(6) 15N(2) O",""
NeuAc,"NeuAc",""
NeuGc,"NeuGc",""
Propyl,"H(6) C(3)",""
Propyl:2H(6),"2H(6) C(3)",""
Propiophenone,"H(8) C(9) O",""
Delta:H(6)C(3)O(1),"H(6) C(3) O",""
Delta:H(8)C(6)O(1),"H(8) C(6) O",""
biotinAcrolein298,"H(22) C(13) N(4) O(2) S",""
MM-diphenylpentanone,"H(19) C(18) N O",""
EHD-diphenylpentanone,"H(18) C(18) O(2)",""
Biotin:Thermo-21901+2H2O,"H(39) C(23) N(5) O(9) S",""
DiLeu4plex115,"H(15) C(7) 13C 15N 18O",""
DiLeu4plex,"H(13) 2H(2) C(8) N 18O",""
DiLeu4plex117,"H(13) 2H(2) C(7) 13C 15N O",""
DiLeu4plex118,"H(11) 2H(4) C(8) N O",""
NEMsulfur,"H(7) C(6) N O(2) S",""
SulfurDioxide,"O(2) S",""
NEMsulfurWater,"H(9) C(6) N O(3) S",""
bisANS-sulfonates,"H(25) C(32) N(2)",""
DNCB_hapten,"H(2) C(6) N(2) O(4)",""
Biotin:Thermo-21911,"H(71) C(41) N(5) O(16) S",""
iodoTMT,"H(28) C(16) N(4) O(3)",""
iodoTMT6plex,"H(28) C(12) 13C(4) N(3) 15N O(3)",""
Phosphogluconoylation,"H(11) C(6) O(9) P",""
PS_Hapten,"H(4) C(7) O(2)",""
Cy3-maleimide,"H(45) C(37) N(4) O(9) S(2)",""
benzylguanidine,"H(8) C(8) N(2)",""
CarboxymethylDMAP,"H(10) C(9) N(2) O",""
azole,"","H(-4) O(-1)"
phosphoRibosyl,"H(9) C(5) O(7) P",""
NEM:2H(5)+H2O,"H(4) 2H(5) C(6) N O(3)",""
Crotonyl,"H(4) C(4) O",""
O-Et-N-diMePhospho,"H(10) C(4) N O(2) P",""
N-dimethylphosphate,"H(6) C(2) N O(2) P",""
dHex(1)Hex(1),"dHex Hex",""
Methyl:2H(3)+Acetyl:2H(3),"2H(6) C(3) O","H(-2)"
Label:2H(3)+Oxidation,"2H(3) O","H(-3)"
Trimethyl:2H(9),"2H(9) C(3)","H(-3)"
Acetyl:13C(2),"H(2) 13C(2) O",""
dHex(1)Hex(2),"dHex Hex(2)",""
dHex(1)Hex(3),"dHex Hex(3)",""
dHex(1)Hex(4),"dHex Hex(4)",""
dHex(1)Hex(5),"dHex Hex(5)",""
dHex(1)Hex(6),"dHex Hex(6)",""
methylsulfonylethyl,"H(6) C(3) O(2) S",""
ethylsulfonylethyl,"H(8) C(4) O(2) S",""
phenylsulfonylethyl,"H(8) C(8) O(2) S",""
PyridoxalPhosphateH2,"H(10) C(8) N O(5) P",""
Homocysteic_acid,"O(3)","H(-2) C(-1)"
Hydroxamic_acid,"H N",""
3-phosphoglyceryl,"H(5) C(3) O(6) P",""
HN2_mustard,"H(11) C(5) N O",""
HN3_mustard,"H(13) C(6) N O(2)",""
Oxidation+NEM,"H(7) C(6) N O(3)",""
NHS-fluorescein,"H(21) C(27) N O(7)",""
DiART6plex,"H(20) C(7) 13C(4) N 15N O(2)",""
DiART6plex115,"H(20) C(8) 13C(3) 15N(2) O(2)",""
DiART6plex116/119,"H(18) 2H(2) C(9) 13C(2) N 15N O(2)",""
DiART6plex117,"H(18) 2H(2) C(10) 13C 15N(2) O(2)",""
DiART6plex118,"H(18) 2H(2) C(8) 13C(3) N(2) O(2)",""
Iodoacetanilide,"H(7) C(8) N O",""
Iodoacetanilide:13C(6),"H(7) C(2) 13C(6) N O",""
Dap-DSP,"H(20) C(13) N(2) O(6) S(2)",""
MurNAc,"NeuAc","O(-1)"
Label:2H(7)15N(4),"2H(7) 15N(4)","H(-7) N(-4)"
Label:2H(6)15N(1),"2H(6) 15N","H(-6) N(-1)"
EEEDVIEVYQEQTGG,"H(107) C(72) N(17) O(31)",""
EDEDTIDVFQQQTGG,"H(102) C(69) N(18) O(30)",""
Hex(5)HexNAc(4)NeuAc(2),"Hex(5) HexNAc(4) NeuAc(2)",""
Hex(5)HexNAc(4)NeuAc(1),"Hex(5) HexNAc(4) NeuAc",""
dHex(1)Hex(5)HexNAc(4)NeuAc(1),"dHex Hex(5) HexNAc(4) NeuAc",""
dHex(1)Hex(5)HexNAc(4)NeuAc(2),"dHex Hex(5) HexNAc(4) NeuAc(2)",""
s-GlcNAc,"O(3) S HexNAc",""
PhosphoHex(2),"H O(3) P Hex(2)",""
Trimethyl:13C(3)2H(9),"2H(9) 13C(3)","H(-3)"
15N-oxobutanoic,"","H(-3) 15N(-1)"
spermine,"H(23) C(10) N(3)",""
spermidine,"H(16) C(7) N(2)",""
Biotin:Thermo-21330,"H(35) C(21) N(3) O(7) S",""
Pentose,"Pent",""
Hex(1)Pent(1),"Pent Hex",""
Hex(1)HexA(1),"Hex HexA",""
Hex(1)Pent(2),"Pent(2) Hex",""
Hex(1)HexNAc(1)Phos(1),"H O(3) P Hex HexNAc",""
Hex(1)HexNAc(1)Sulf(1),"O(3) S Hex HexNAc",""
Hex(1)NeuAc(1),"Hex NeuAc",""
Hex(1)NeuGc(1),"Hex NeuGc",""
HexNAc(3),"HexNAc(3)",""
HexNAc(1)NeuAc(1),"HexNAc NeuAc",""
HexNAc(1)NeuGc(1),"HexNAc NeuGc",""
Hex(1)HexNAc(1)dHex(1)Me(1),"Me dHex Hex HexNAc",""
Hex(1)HexNAc(1)dHex(1)Me(2),"Me(2) dHex Hex HexNAc",""
Hex(2)HexNAc(1),"Hex(2) HexNAc",""
Hex(1)HexA(1)HexNAc(1),"Hex HexA HexNAc",""
Hex(2)HexNAc(1)Me(1),"Me Hex(2) HexNAc",""
Hex(1)Pent(3),"Pent(3) Hex",""
Hex(1)NeuAc(1)Pent(1),"Pent Hex NeuAc",""
Hex(2)HexNAc(1)Sulf(1),"O(3) S Hex(2) HexNAc",""
Hex(2)NeuAc(1),"Hex(2) NeuAc",""
dHex(2)Hex(2),"dHex(2) Hex(2)",""
dHex(1)Hex(2)HexA(1),"dHex Hex(2) HexA",""
Hex(1)HexNAc(2)Sulf(1),"O(3) S Hex HexNAc(2)",""
Hex(4),"Hex(4)",""
dHex(1)Hex(2)HexNAc(2)Pent(1),"dHex(1) Hex(2) HexNAc(2) Pent(1)",""
Hex(2)HexNAc(2)NeuAc(1),"Hex(2) HexNAc(2) NeuAc",""
Hex(3)HexNAc(2)Pent(1),"Hex(3) HexNAc(2) Pent(1)",""
Hex(4)HexNAc(2),"Hex(4) HexNAc(2)",""
dHex(1)Hex(4)HexNAc(1)Pent(1),"dHex(1) Hex(4) HexNAc(1) Pent(1)",""
dHex(1)Hex(3)HexNAc(2)Pent(1),"dHex(1) Hex(3) HexNAc(2) Pent(1)",""
Hex(3)HexNAc(2)NeuAc(1),"Hex(3) HexNAc(2) NeuAc(1)",""
Hex(4)HexNAc(2)Pent(1),"Hex(4) HexNAc(2) Pent(1)",""
Hex(3)HexNAc(3)Pent(1),"Hex(3) HexNAc(3) Pent(1)",""
Hex(5)HexNAc(2)Phos(1),"H O(3) P Hex(5) HexNAc(2)",""
dHex(1)Hex(4)HexNAc(2)Pent(1),"dHex(1) Hex(4) HexNAc(2) Pent(1)",""
Hex(7)HexNAc(1),"Hex(7) HexNAc(1)",""
Hex(4)HexNAc(2)NeuAc(1),"Hex(4) HexNAc(2) NeuAc",""
dHex(1)Hex(5)HexNAc(2),"dHex(1) Hex(5) HexNAc(2)",""
dHex(1)Hex(3)HexNAc(3)Pent(1),"dHex(1) Hex(3) HexNAc(3) Pent(1)",""
Hex(3)HexNAc(4)Sulf(1),"O(3) S Hex(3) HexNAc(4)",""
Hex(6)HexNAc(2),"Hex(6) HexNAc(2)",""
Hex(4)HexNAc(3)Pent(1),"Hex(4) HexNAc(3) Pent(1)",""
dHex(1)Hex(4)HexNAc(3),"dHex(1) Hex(4) HexNAc(3)",""
Hex(5)HexNAc(3),"Hex(5) HexNAc(3)",""
Hex(3)HexNAc(4)Pent(1),"Hex(3) HexNAc(4) Pent(1)",""
Hex(6)HexNAc(2)Phos(1),"H O(3) P Hex(6) HexNAc(2)",""
dHex(1)Hex(4)HexNAc(3)Sulf(1),"O(3) S dHex Hex(4) HexNAc(3)",""
dHex(1)Hex(5)HexNAc(2)Pent(1),"dHex(1) Hex(5) HexNAc(2) Pent(1)",""
Hex(8)HexNAc(1),"Hex(8) HexNAc(1)",""
dHex(1)Hex(3)HexNAc(3)Pent(2),"dHex(1) Hex(3) HexNAc(3) Pent(2)",""
dHex(2)Hex(3)HexNAc(3)Pent(1),"dHex(2) Hex(3) HexNAc(3) Pent(1)",""
dHex(1)Hex(3)HexNAc(4)Sulf(1),"O(3) S dHex Hex(3) HexNAc(4)",""
dHex(1)Hex(6)HexNAc(2),"dHex(1) Hex(6) HexNAc(2)",""
dHex(1)Hex(4)HexNAc(3)Pent(1),"dHex(1) Hex(4) HexNAc(3) Pent(1)",""
Hex(4)HexNAc(4)Sulf(1),"O(3) S Hex(4) HexNAc(4)",""
Hex(7)HexNAc(2),"Hex(7) HexNAc(2)",""
dHex(2)Hex(4)HexNAc(3),"dHex(2) Hex(4) HexNAc(3)",""
Hex(5)HexNAc(3)Pent(1),"Hex(5) HexNAc(3) Pent(1)",""
Hex(4)HexNAc(3)NeuGc(1),"Hex(4) HexNAc(3) NeuGc(1)",""
dHex(1)Hex(5)HexNAc(3),"dHex(1) Hex(5) HexNAc(3)",""
dHex(1)Hex(3)HexNAc(4)Pent(1),"dHex(1) Hex(3) HexNAc(4) Pent(1)",""
Hex(3)HexNAc(5)Sulf(1),"O(3) S Hex(3) HexNAc(5)",""
Hex(6)HexNAc(3),"Hex(6) HexNAc(3)",""
Hex(3)HexNAc(4)NeuAc(1),"Hex(3) HexNAc(4) NeuAc",""
Hex(4)HexNAc(4)Pent(1),"Hex(4) HexNAc(4) Pent(1)",""
Hex(7)HexNAc(2)Phos(1),"H O(3) P Hex(7) HexNAc(2)",""
Hex(4)HexNAc(4)Me(2)Pent(1),"Hex(4) HexNAc(4) Me(2) Pent(1)",""
dHex(1)Hex(3)HexNAc(3)Pent(3),"Pent(3) dHex Hex(3) HexNAc(3)",""
dHex(1)Hex(5)HexNAc(3)Sulf(1),"O(3) S dHex Hex(5) HexNAc(3)",""
dHex(2)Hex(3)HexNAc(3)Pent(2),"dHex(2) Hex(3) HexNAc(3) Pent(2)",""
Hex(6)HexNAc(3)Phos(1),"H O(3) P Hex(6) HexNAc(3)",""
Hex(4)HexNAc(5),"Hex(4) HexNAc(5)",""
dHex(3)Hex(3)HexNAc(3)Pent(1),"dHex(3) Hex(3) HexNAc(3) Pent(1)",""
dHex(2)Hex(4)HexNAc(3)Pent(1),"dHex(2) Hex(4) HexNAc(3) Pent(1)",""
dHex(1)Hex(4)HexNAc(4)Sulf(1),"O(3) S dHex Hex(4) HexNAc(4)",""
dHex(1)Hex(7)HexNAc(2),"dHex(1) Hex(7) HexNAc(2)",""
dHex(1)Hex(4)HexNAc(3)NeuAc(1),"dHex Hex(4) HexNAc(3) NeuAc",""
Hex(7)HexNAc(2)Phos(2),"H(2) O(6) P(2) Hex(7) HexNAc(2)",""
Hex(5)HexNAc(4)Sulf(1),"O(3) S Hex(5) HexNAc(4)",""
Hex(8)HexNAc(2),"Hex(8) HexNAc(2)",""
dHex(1)Hex(3)HexNAc(4)Pent(2),"dHex(1) Hex(3) HexNAc(4) Pent(2)",""
dHex(1)Hex(4)HexNAc(3)NeuGc(1),"dHex Hex(4) HexNAc(3) NeuGc",""
dHex(2)Hex(3)HexNAc(4)Pent(1),"dHex(2) Hex(3) HexNAc(4) Pent(1)",""
dHex(1)Hex(3)HexNAc(5)Sulf(1),"O(3) S dHex Hex(3) HexNAc(5)",""
dHex(1)Hex(6)HexNAc(3),"dHex(1) Hex(6) HexNAc(3)",""
dHex(1)Hex(3)HexNAc(4)NeuAc(1),"dHex(1) Hex(3) HexNAc(4) NeuAc(1)",""
dHex(3)Hex(3)HexNAc(4),"dHex(3) Hex(3) HexNAc(4)",""
dHex(1)Hex(4)HexNAc(4)Pent(1),"dHex(1) Hex(4) HexNAc(4) Pent(1)",""
Hex(4)HexNAc(5)Sulf(1),"O(3) S Hex(4) HexNAc(5)",""
Hex(7)HexNAc(3),"Hex(7) HexNAc(3)",""
dHex(1)Hex(4)HexNAc(3)NeuAc(1)Sulf(1),"O(3) S dHex Hex(4) HexNAc(3) NeuAc",""
Hex(5)HexNAc(4)Me(2)Pent(1),"Hex(5) HexNAc(4) Me(2) Pent(1)",""
Hex(3)HexNAc(6)Sulf(1),"O(3) S Hex(3) HexNAc(6)",""
dHex(1)Hex(6)HexNAc(3)Sulf(1),"O(3) S dHex Hex(6) HexNAc(3)",""
dHex(1)Hex(4)HexNAc(5),"dHex(1) Hex(4) HexNAc(5)",""
dHex(1)Hex(5)HexA(1)HexNAc(3)Sulf(1),"O(3) S dHex Hex(5) HexA HexNAc(3)",""
Hex(7)HexNAc(3)Phos(1),"H O(3) P Hex(7) HexNAc(3)",""
Hex(6)HexNAc(4)Me(3),"Hex(6) HexNAc(4) Me(3)",""
dHex(2)Hex(4)HexNAc(4)Sulf(1),"O(3) S dHex(2) Hex(4) HexNAc(4)",""
Hex(4)HexNAc(3)NeuAc(2),"Hex(4) HexNAc(3) NeuAc(2)",""
dHex(1)Hex(3)HexNAc(4)Pent(3),"dHex(1) Hex(3) HexNAc(4) Pent(3)",""
dHex(2)Hex(5)HexNAc(3)Pent(1),"dHex(2) Hex(5) HexNAc(3) Pent(1)",""
dHex(1)Hex(5)HexNAc(4)Sulf(1),"O(3) S dHex Hex(5) HexNAc(4)",""
dHex(2)Hex(3)HexNAc(4)Pent(2),"dHex(2) Hex(3) HexNAc(4) Pent(2)",""
dHex(1)Hex(5)HexNAc(3)NeuAc(1),"dHex(1) Hex(5) HexNAc(3) NeuAc(1)",""
Hex(3)HexNAc(6)Sulf(2),"O(6) S(2) Hex(3) HexNAc(6)",""
Hex(9)HexNAc(2),"Hex(9) HexNAc(2)",""
Hex(4)HexNAc(6),"Hex(4) HexNAc(6)",""
dHex(3)Hex(3)HexNAc(4)Pent(1),"dHex(3) Hex(3) HexNAc(4) Pent(1)",""
dHex(1)Hex(5)HexNAc(3)NeuGc(1),"dHex Hex(5) HexNAc(3) NeuGc",""
dHex(2)Hex(4)HexNAc(4)Pent(1),"dHex(2) Hex(4) HexNAc(4) Pent(1)",""
dHex(1)Hex(4)HexNAc(5)Sulf(1),"O(3) S dHex Hex(4) HexNAc(5)",""
dHex(1)Hex(7)HexNAc(3),"dHex(1) Hex(7) HexNAc(3)",""
dHex(1)Hex(5)HexNAc(4)Pent(1),"dHex(1) Hex(5) HexNAc(4) Pent(1)",""
dHex(1)Hex(5)HexA(1)HexNAc(3)Sulf(2),"O(6) S(2) dHex Hex(5) HexA HexNAc(3)",""
Hex(3)HexNAc(7),"Hex(3) HexNAc(7)",""
dHex(2)Hex(5)HexNAc(4),"dHex(2) Hex(5) HexNAc(4)",""
dHex(2)Hex(4)HexNAc(3)NeuAc(1)Sulf(1),"O(3) S dHex(2) Hex(4) HexNAc(3) NeuAc",""
dHex(1)Hex(5)HexNAc(4)Sulf(2),"O(6) S(2) dHex Hex(5) HexNAc(4)",""
dHex(1)Hex(5)HexNAc(4)Me(2)Pent(1),"dHex(1) Hex(5) HexNAc(4) Me(2) Pent(1)",""
Hex(5)HexNAc(4)NeuGc(1),"Hex(5) HexNAc(4) NeuGc(1)",""
dHex(1)Hex(3)HexNAc(6)Sulf(1),"O(3) S dHex Hex(3) HexNAc(6)",""
dHex(1)Hex(6)HexNAc(4),"dHex(1) Hex(6) HexNAc(4)",""
dHex(1)Hex(5)HexNAc(3)NeuAc(1)Sulf(1),"O(3) S dHex Hex(5) HexNAc(3) NeuAc",""
Hex(7)HexNAc(4),"Hex(7) HexNAc(4)",""
dHex(1)Hex(5)HexNAc(3)NeuGc(1)Sulf(1),"O(3) S dHex Hex(5) HexNAc(3) NeuGc",""
Hex(4)HexNAc(5)NeuAc(1),"Hex(4) HexNAc(5) NeuAc(1)",""
Hex(6)HexNAc(4)Me(3)Pent(1),"Hex(6) HexNAc(4) Me(3) Pent(1)",""
dHex(1)Hex(7)HexNAc(3)Sulf(1),"O(3) S dHex Hex(7) HexNAc(3)",""
dHex(1)Hex(7)HexNAc(3)Phos(1),"H O(3) P dHex Hex(7) HexNAc(3)",""
dHex(1)Hex(5)HexNAc(5),"dHex(1) Hex(5) HexNAc(5)",""
dHex(1)Hex(4)HexNAc(4)NeuAc(1)Sulf(1),"O(3) S dHex Hex(4) HexNAc(4) NeuAc",""
dHex(3)Hex(4)HexNAc(4)Sulf(1),"O(3) S dHex(3) Hex(4) HexNAc(4)",""
Hex(3)HexNAc(7)Sulf(1),"O(3) S Hex(3) HexNAc(7)",""
Hex(6)HexNAc(5),"Hex(6) HexNAc(5)",""
Hex(5)HexNAc(4)NeuAc(1)Sulf(1),"O(3) S Hex(5) HexNAc(4) NeuAc",""
Hex(3)HexNAc(6)NeuAc(1),"Hex(3) HexNAc(6) NeuAc(1)",""
dHex(2)Hex(3)HexNAc(6),"dHex(2) Hex(3) HexNAc(6)",""
Hex(1)HexNAc(1)NeuGc(1),"Hex(1) HexNAc(1) NeuGc(1)",""
dHex(1)Hex(2)HexNAc(1),"dHex(1) Hex(2) HexNAc(1)",""
HexNAc(3)Sulf(1),"O(3) S HexNAc(3)",""
Hex(3)HexNAc(1),"Hex(3) HexNAc",""
Hex(1)HexNAc(1)Kdn(1)Sulf(1),"O(3) S Hex HexNAc Kdn",""
HexNAc(2)NeuAc(1),"HexNAc(2) NeuAc(1)",""
HexNAc(1)Kdn(2),"HexNAc Kdn(2)",""
Hex(3)HexNAc(1)Me(1),"Hex(3) HexNAc(1) Me(1)",""
Hex(2)HexA(1)Pent(1)Sulf(1),"O(3) S Pent Hex(2) HexA",""
HexNAc(2)NeuGc(1),"HexNAc(2) NeuGc(1)",""
Hex(4)Phos(1),"H O(3) P Hex(4)",""
Hex(1)HexNAc(1)NeuAc(1)Sulf(1),"O(3) S Hex HexNAc NeuAc",""
Hex(1)HexA(1)HexNAc(2),"Hex(1) HexA(1) HexNAc(2)",""
dHex(1)Hex(2)HexNAc(1)Sulf(1),"O(3) S dHex Hex(2) HexNAc",""
dHex(1)HexNAc(3),"dHex(1) HexNAc(3)",""
dHex(1)Hex(1)HexNAc(1)Kdn(1),"dHex Hex HexNAc Kdn",""
Hex(1)HexNAc(3),"Hex(1) HexNAc(3)",""
HexNAc(2)NeuAc(1)Sulf(1),"O(3) S HexNAc(2) NeuAc",""
dHex(2)Hex(3),"dHex(2) Hex(3)",""
Hex(2)HexA(1)HexNAc(1)Sulf(1),"O(3) S Hex(2) HexA HexNAc",""
dHex(2)Hex(2)HexA(1),"dHex(2) Hex(2) HexA(1)",""
dHex(1)Hex(1)HexNAc(2)Sulf(1),"O(3) S dHex Hex HexNAc(2)",""
dHex(1)Hex(1)HexNAc(1)NeuAc(1),"dHex(1) Hex(1) HexNAc(1) NeuAc(1)",""
Hex(2)HexNAc(2)Sulf(1),"O(3) S Hex(2) HexNAc(2)",""
Hex(5),"Hex(5)",""
HexNAc(4),"HexNAc(4)",""
HexNAc(1)NeuGc(2),"HexNAc(1) NeuGc(2)",""
dHex(1)Hex(1)HexNAc(1)NeuGc(1),"dHex Hex HexNAc NeuGc",""
dHex(2)Hex(2)HexNAc(1),"dHex(2) Hex(2) HexNAc(1)",""
Hex(2)HexNAc(1)NeuGc(1),"Hex(2) HexNAc(1) NeuGc(1)",""
dHex(1)Hex(3)HexNAc(1),"dHex(1) Hex(3) HexNAc(1)",""
dHex(1)Hex(2)HexA(1)HexNAc(1),"dHex(1) Hex(2) HexA(1) HexNAc(1)",""
Hex(1)HexNAc(3)Sulf(1),"O(3) S Hex HexNAc(3)",""
Hex(4)HexNAc(1),"Hex(4) HexNAc",""
Hex(1)HexNAc(2)NeuAc(1),"Hex(1) HexNAc(2) NeuAc(1)",""
Hex(1)HexNAc(2)NeuGc(1),"Hex(1) HexNAc(2) NeuGc(1)",""
Hex(5)Phos(1),"H O(3) P Hex(5)",""
dHex(2)Hex(1)HexNAc(1)Kdn(1),"dHex(2) Hex HexNAc Kdn",""
dHex(1)Hex(3)HexNAc(1)Sulf(1),"O(3) S dHex Hex(3) HexNAc",""
dHex(1)Hex(1)HexNAc(3),"dHex(1) Hex(1) HexNAc(3)",""
dHex(1)Hex(2)HexA(1)HexNAc(1)Sulf(1),"O(3) S dHex Hex(2) HexA HexNAc",""
Hex(2)HexNAc(3),"Hex(2) HexNAc(3)",""
Hex(1)HexNAc(2)NeuAc(1)Sulf(1),"O(3) S Hex HexNAc(2) NeuAc",""
dHex(2)Hex(4),"dHex(2) Hex(4)",""
dHex(2)HexNAc(2)Kdn(1),"dHex(2) HexNAc(2) Kdn",""
dHex(1)Hex(2)HexNAc(2)Sulf(1),"O(3) S dHex Hex(2) HexNAc(2)",""
dHex(1)HexNAc(4),"dHex(1) HexNAc(4)",""
Hex(1)HexNAc(1)NeuAc(1)NeuGc(1),"Hex(1) HexNAc(1) NeuAc(1) NeuGc(1)",""
dHex(1)Hex(1)HexNAc(2)Kdn(1),"dHex Hex HexNAc(2) Kdn",""
Hex(1)HexNAc(1)NeuGc(2),"Hex(1) HexNAc(1) NeuGc(2)",""
Hex(1)HexNAc(1)NeuAc(2)Ac(1),"Ac Hex HexNAc NeuAc(2)",""
dHex(2)Hex(2)HexA(1)HexNAc(1),"dHex(2) Hex(2) HexA(1) HexNAc(1)",""
dHex(1)Hex(1)HexNAc(3)Sulf(1),"O(3) S dHex Hex HexNAc(3)",""
Hex(2)HexA(1)NeuAc(1)Pent(1)Sulf(1),"O(3) S Pent Hex(2) HexA NeuAc",""
dHex(1)Hex(1)HexNAc(2)NeuAc(1),"dHex(1) Hex(1) HexNAc(2) NeuAc(1)",""
dHex(1)Hex(3)HexA(1)HexNAc(1),"dHex(1) Hex(3) HexA(1) HexNAc(1)",""
Hex(2)HexNAc(3)Sulf(1),"O(3) S Hex(2) HexNAc(3)",""
Hex(5)HexNAc(1),"Hex(5) HexNAc",""
HexNAc(5),"HexNAc(5)",""
Hex(1)HexNAc(1)NeuAc(2)Ac(2),"Ac(2) Hex HexNAc NeuAc(2)",""
Hex(2)HexNAc(2)NeuGc(1),"Hex(2) HexNAc(2) NeuGc(1)",""
Hex(5)Phos(3),"H(3) O(9) P(3) Hex(5)",""
Hex(6)Phos(1),"H O(3) P Hex(6)",""
dHex(1)Hex(2)HexA(1)HexNAc(2),"dHex(1) Hex(2) HexA(1) HexNAc(2)",""
dHex(2)Hex(3)HexNAc(1)Sulf(1),"O(3) S dHex(2) Hex(3) HexNAc",""
Hex(1)HexNAc(3)NeuAc(1),"Hex(1) HexNAc(3) NeuAc(1)",""
dHex(2)Hex(1)HexNAc(3),"dHex(2) Hex(1) HexNAc(3)",""
Hex(1)HexNAc(3)NeuGc(1),"Hex(1) HexNAc(3) NeuGc(1)",""
dHex(1)Hex(1)HexNAc(2)NeuAc(1)Sulf(1),"O(3) S dHex Hex HexNAc(2) NeuAc",""
dHex(1)Hex(3)HexA(1)HexNAc(1)Sulf(1),"O(3) S dHex Hex(3) HexA HexNAc",""
dHex(1)Hex(1)HexA(1)HexNAc(3),"dHex(1) Hex(1) HexA(1) HexNAc(3)",""
Hex(2)HexNAc(2)NeuAc(1)Sulf(1),"O(3) S Hex(2) HexNAc(2) NeuAc",""
dHex(2)Hex(2)HexNAc(2)Sulf(1),"O(3) S dHex(2) Hex(2) HexNAc(2)",""
dHex(2)Hex(1)HexNAc(2)Kdn(1),"dHex(2) Hex HexNAc(2) Kdn",""
dHex(1)Hex(1)HexNAc(4),"dHex(1) Hex(1) HexNAc(4)",""
Hex(2)HexNAc(4),"Hex(2) HexNAc(4)",""
Hex(2)HexNAc(1)NeuGc(2),"Hex(2) HexNAc(1) NeuGc(2)",""
dHex(2)Hex(4)HexNAc(1),"dHex(2) Hex(4) HexNAc(1)",""
Hex(1)HexNAc(2)NeuAc(2),"Hex(1) HexNAc(2) NeuAc(2)",""
dHex(2)Hex(1)HexNAc(2)NeuAc(1),"dHex(2) Hex(1) HexNAc(2) NeuAc(1)",""
dHex(1)Hex(2)HexNAc(3)Sulf(1),"O(3) S dHex Hex(2) HexNAc(3)",""
dHex(1)HexNAc(5),"dHex(1) HexNAc(5)",""
dHex(2)Hex(1)HexNAc(2)NeuGc(1),"dHex(2) Hex HexNAc(2) NeuGc",""
dHex(3)Hex(2)HexNAc(2),"dHex(3) Hex(2) HexNAc(2)",""
Hex(3)HexNAc(3)Sulf(1),"O(3) S Hex(3) HexNAc(3)",""
dHex(2)Hex(2)HexNAc(2)Sulf(2),"O(6) S(2) dHex(2) Hex(2) HexNAc(2)",""
dHex(1)Hex(2)HexNAc(2)NeuGc(1),"dHex Hex(2) HexNAc(2) NeuGc",""
dHex(1)Hex(1)HexNAc(3)NeuAc(1),"dHex Hex HexNAc(3) NeuAc",""
Hex(6)Phos(3),"H(3) O(9) P(3) Hex(6)",""
dHex(1)Hex(3)HexA(1)HexNAc(2),"dHex(1) Hex(3) HexA(1) HexNAc(2)",""
dHex(1)Hex(1)HexNAc(3)NeuGc(1),"dHex Hex HexNAc(3) NeuGc",""
Hex(1)HexNAc(2)NeuAc(2)Sulf(1),"O(3) S Hex HexNAc(2) NeuAc(2)",""
dHex(2)Hex(3)HexA(1)HexNAc(1)Sulf(1),"O(3) S dHex(2) Hex(3) HexA HexNAc",""
Hex(1)HexNAc(1)NeuAc(3),"Hex(1) HexNAc(1) NeuAc(3)",""
Hex(2)HexNAc(3)NeuGc(1),"Hex(2) HexNAc(3) NeuGc(1)",""
dHex(1)Hex(2)HexNAc(2)NeuAc(1)Sulf(1),"O(3) S dHex Hex(2) HexNAc(2) NeuAc",""
dHex(3)Hex(1)HexNAc(2)Kdn(1),"dHex(3) Hex HexNAc(2) Kdn",""
dHex(2)Hex(3)HexNAc(2)Sulf(1),"O(3) S dHex(2) Hex(3) HexNAc(2)",""
dHex(2)Hex(2)HexNAc(2)Kdn(1),"dHex(2) Hex(2) HexNAc(2) Kdn",""
dHex(2)Hex(2)HexA(1)HexNAc(2)Sulf(1),"O(3) S dHex(2) Hex(2) HexA HexNAc(2)",""
dHex(1)Hex(2)HexNAc(4),"dHex Hex(2) HexNAc(4)",""
Hex(1)HexNAc(1)NeuGc(3),"Hex(1) HexNAc(1) NeuGc(3)",""
dHex(1)Hex(1)HexNAc(3)NeuAc(1)Sulf(1),"O(3) S dHex Hex HexNAc(3) NeuAc",""
dHex(1)Hex(3)HexA(1)HexNAc(2)Sulf(1),"O(3) S dHex Hex(3) HexA HexNAc(2)",""
dHex(1)Hex(1)HexNAc(2)NeuAc(2),"dHex(1) Hex(1) HexNAc(2) NeuAc(2)",""
dHex(3)HexNAc(3)Kdn(1),"dHex(3) HexNAc(3) Kdn",""
Hex(2)HexNAc(3)NeuAc(1)Sulf(1),"O(3) S Hex(2) HexNAc(3) NeuAc",""
dHex(2)Hex(2)HexNAc(3)Sulf(1),"O(3) S dHex(2) Hex(2) HexNAc(3)",""
dHex(2)HexNAc(5),"dHex(2) HexNAc(5)",""
Hex(2)HexNAc(2)NeuAc(2),"Hex(2) HexNAc(2) NeuAc(2)",""
dHex(2)Hex(2)HexNAc(2)NeuAc(1),"dHex(2) Hex(2) HexNAc(2) NeuAc",""
dHex(1)Hex(3)HexNAc(3)Sulf(1),"O(3) S dHex Hex(3) HexNAc(3)",""
dHex(2)Hex(2)HexNAc(2)NeuGc(1),"dHex(2) Hex(2) HexNAc(2) NeuGc",""
Hex(2)HexNAc(5),"Hex(2) HexNAc(5)",""
dHex(1)Hex(3)HexNAc(2)NeuGc(1),"dHex(1) Hex(3) HexNAc(2) NeuGc(1)",""
Hex(1)HexNAc(3)NeuAc(2),"Hex(1) HexNAc(3) NeuAc(2)",""
dHex(1)Hex(2)HexNAc(3)NeuAc(1),"dHex(1) Hex(2) HexNAc(3) NeuAc(1)",""
dHex(3)Hex(2)HexNAc(3),"dHex(3) Hex(2) HexNAc(3)",""
Hex(7)Phos(3),"H(3) O(9) P(3) Hex(7)",""
dHex(1)Hex(4)HexA(1)HexNAc(2),"dHex(1) Hex(4) HexA(1) HexNAc(2)",""
Hex(3)HexNAc(3)NeuAc(1),"Hex(3) HexNAc(3) NeuAc",""
dHex(1)Hex(3)HexA(2)HexNAc(2),"dHex(1) Hex(3) HexA(2) HexNAc(2)",""
Hex(2)HexNAc(2)NeuAc(2)Sulf(1),"O(3) S Hex(2) HexNAc(2) NeuAc(2)",""
dHex(2)Hex(2)HexNAc(2)NeuAc(1)Sulf(1),"O(3) S dHex(2) Hex(2) HexNAc(2) NeuAc",""
Hex(3)HexNAc(3)NeuGc(1),"Hex(3) HexNAc(3) NeuGc(1)",""
dHex(4)Hex(1)HexNAc(2)Kdn(1),"dHex(4) Hex HexNAc(2) Kdn",""
dHex(3)Hex(2)HexNAc(2)Kdn(1),"dHex(3) Hex(2) HexNAc(2) Kdn",""
dHex(3)Hex(2)HexA(1)HexNAc(2)Sulf(1),"O(3) S dHex(3) Hex(2) HexA HexNAc(2)",""
Hex(2)HexNAc(4)NeuAc(1),"Hex(2) HexNAc(4) NeuAc(1)",""
dHex(2)Hex(2)HexNAc(4),"dHex(2) Hex(2) HexNAc(4)",""
dHex(2)Hex(3)HexA(1)HexNAc(2)Sulf(1),"O(3) S dHex(2) Hex(3) HexA HexNAc(2)",""
dHex(4)HexNAc(3)Kdn(1),"dHex(4) HexNAc(3) Kdn",""
Hex(2)HexNAc(1)NeuGc(3),"Hex(2) HexNAc(1) NeuGc(3)",""
dHex(4)Hex(1)HexNAc(1)Kdn(2),"dHex(4) Hex HexNAc Kdn(2)",""
dHex(1)Hex(2)HexNAc(3)NeuAc(1)Sulf(1),"O(3) S dHex Hex(2) HexNAc(3) NeuAc",""
dHex(1)Hex(2)HexNAc(2)NeuAc(2),"dHex(1) Hex(2) HexNAc(2) NeuAc(2)",""
dHex(3)Hex(1)HexNAc(3)Kdn(1),"dHex(3) Hex HexNAc(3) Kdn",""
Hex(3)HexNAc(3)NeuAc(1)Sulf(1),"O(3) S Hex(3) HexNAc(3) NeuAc",""
Hex(3)HexNAc(2)NeuAc(2),"Hex(3) HexNAc(2) NeuAc(2)",""
Hex(3)HexNAc(3)NeuGc(1)Sulf(1),"O(3) S Hex(3) HexNAc(3) NeuGc",""
dHex(1)Hex(2)HexNAc(2)NeuGc(2),"dHex(1) Hex(2) HexNAc(2) NeuGc(2)",""
dHex(2)Hex(3)HexNAc(2)NeuGc(1),"dHex(2) Hex(3) HexNAc(2) NeuGc",""
dHex(1)Hex(3)HexA(1)HexNAc(3)Sulf(1),"O(3) S dHex Hex(3) HexA HexNAc(3)",""
Hex(2)HexNAc(3)NeuAc(2),"Hex(2) HexNAc(3) NeuAc(2)",""
dHex(2)Hex(2)HexNAc(3)NeuAc(1),"dHex(2) Hex(2) HexNAc(3) NeuAc(1)",""
dHex(4)Hex(2)HexNAc(3),"dHex(4) Hex(2) HexNAc(3)",""
Hex(2)HexNAc(3)NeuAc(1)NeuGc(1),"Hex(2) HexNAc(3) NeuAc(1) NeuGc(1)",""
dHex(2)Hex(2)HexNAc(3)NeuGc(1),"dHex(2) Hex(2) HexNAc(3) NeuGc",""
dHex(3)Hex(3)HexNAc(3),"dHex(3) Hex(3) HexNAc(3)",""
Hex(8)Phos(3),"H(3) O(9) P(3) Hex(8)",""
dHex(1)Hex(2)HexNAc(2)NeuAc(2)Sulf(1),"O(3) S dHex Hex(2) HexNAc(2) NeuAc(2)",""
Hex(2)HexNAc(3)NeuGc(2),"Hex(2) HexNAc(3) NeuGc(2)",""
dHex(4)Hex(2)HexNAc(2)Kdn(1),"dHex(4) Hex(2) HexNAc(2) Kdn",""
dHex(1)Hex(2)HexNAc(4)NeuAc(1),"dHex(1) Hex(2) HexNAc(4) NeuAc(1)",""
dHex(3)Hex(2)HexNAc(4),"dHex(3) Hex(2) HexNAc(4)",""
Hex(1)HexNAc(1)NeuGc(4),"Hex(1) HexNAc(1) NeuGc(4)",""
dHex(4)Hex(1)HexNAc(3)Kdn(1),"dHex(4) Hex HexNAc(3) Kdn",""
Hex(4)HexNAc(4)Sulf(2),"O(6) S(2) Hex(4) HexNAc(4)",""
dHex(3)Hex(2)HexNAc(3)Kdn(1),"dHex(3) Hex(2) HexNAc(3) Kdn",""
dHex(2)Hex(2)HexNAc(5),"dHex(2) Hex(2) HexNAc(5)",""
dHex(2)Hex(3)HexA(1)HexNAc(3)Sulf(1),"O(3) S dHex(2) Hex(3) HexA HexNAc(3)",""
dHex(1)Hex(4)HexA(1)HexNAc(3)Sulf(1),"O(3) S dHex Hex(4) HexA HexNAc(3)",""
Hex(3)HexNAc(3)NeuAc(2),"Hex(3) HexNAc(3) NeuAc(2)",""
dHex(2)Hex(3)HexNAc(3)NeuAc(1),"dHex(2) Hex(3) HexNAc(3) NeuAc",""
dHex(4)Hex(3)HexNAc(3),"dHex(4) Hex(3) HexNAc(3)",""
Hex(9)Phos(3),"H(3) O(9) P(3) Hex(9)",""
dHex(2)HexNAc(7),"dHex(2) HexNAc(7)",""
Hex(2)HexNAc(1)NeuGc(4),"Hex(2) HexNAc(1) NeuGc(4)",""
Hex(3)HexNAc(3)NeuAc(2)Sulf(1),"O(3) S Hex(3) HexNAc(3) NeuAc(2)",""
dHex(2)Hex(3)HexNAc(5),"dHex(2) Hex(3) HexNAc(5)",""
dHex(1)Hex(2)HexNAc(2)NeuGc(3),"dHex(1) Hex(2) HexNAc(2) NeuGc(3)",""
dHex(2)Hex(4)HexA(1)HexNAc(3)Sulf(1),"O(3) S dHex(2) Hex(4) HexA HexNAc(3)",""
Hex(2)HexNAc(3)NeuAc(3),"Hex(2) HexNAc(3) NeuAc(3)",""
dHex(1)Hex(3)HexNAc(3)NeuAc(2),"dHex(1) Hex(3) HexNAc(3) NeuAc(2)",""
dHex(3)Hex(3)HexNAc(3)NeuAc(1),"dHex(3) Hex(3) HexNAc(3) NeuAc(1)",""
Hex(2)HexNAc(3)NeuGc(3),"Hex(2) HexNAc(3) NeuGc(3)",""
Hex(10)Phos(3),"H(3) O(9) P(3) Hex(10)",""
dHex(1)Hex(2)HexNAc(4)NeuAc(2),"dHex(1) Hex(2) HexNAc(4) NeuAc(2)",""
Hex(1)HexNAc(1)NeuGc(5),"Hex(1) HexNAc(1) NeuGc(5)",""
Hex(4)HexNAc(4)NeuAc(1)Sulf(2),"O(6) S(2) Hex(4) HexNAc(4) NeuAc",""
Hex(4)HexNAc(4)NeuGc(1)Sulf(2),"O(6) S(2) Hex(4) HexNAc(4) NeuGc",""
dHex(2)Hex(3)HexNAc(3)NeuAc(2),"dHex(2) Hex(3) HexNAc(3) NeuAc(2)",""
Hex(4)HexNAc(4)NeuAc(1)Sulf(3),"O(9) S(3) Hex(4) HexNAc(4) NeuAc",""
dHex(2)Hex(2)HexNAc(2),"dHex(2) Hex(2) HexNAc(2)",""
dHex(1)Hex(3)HexNAc(2),"dHex(1) Hex(3) HexNAc(2)",""
dHex(1)Hex(2)HexNAc(3),"dHex(1) Hex(2) HexNAc(3)",""
Hex(3)HexNAc(3),"Hex(3) HexNAc(3)",""
dHex(1)Hex(3)HexNAc(2)Sulf(1),"O(3) S dHex Hex(3) HexNAc(2)",""
dHex(2)Hex(3)HexNAc(2),"dHex(2) Hex(3) HexNAc(2)",""
dHex(1)Hex(4)HexNAc(2),"dHex(1) Hex(4) HexNAc(2)",""
dHex(2)Hex(2)HexNAc(3),"dHex(2) Hex(2) HexNAc(3)",""
dHex(1)Hex(3)HexNAc(3),"dHex(1) Hex(3) HexNAc(3)",""
Hex(4)HexNAc(3),"Hex(4) HexNAc(3)",""
dHex(2)Hex(4)HexNAc(2),"dHex(2) Hex(4) HexNAc(2)",""
dHex(2)Hex(3)HexNAc(3),"dHex(2) Hex(3) HexNAc(3)",""
Hex(3)HexNAc(5),"Hex(3) HexNAc(5)",""
Hex(4)HexNAc(3)NeuAc(1),"Hex(4) HexNAc(3) NeuAc",""
dHex(2)Hex(3)HexNAc(4),"dHex(2) Hex(3) HexNAc(4)",""
dHex(1)Hex(3)HexNAc(5),"dHex(1) Hex(3) HexNAc(5)",""
Hex(3)HexNAc(6),"Hex(3) HexNAc(6)",""
Hex(4)HexNAc(4)NeuAc(1),"Hex(4) HexNAc(4) NeuAc(1)",""
dHex(2)Hex(4)HexNAc(4),"dHex(2) Hex(4) HexNAc(4)",""
Hex(6)HexNAc(4),"Hex(6) HexNAc(4)",""
Hex(5)HexNAc(5),"Hex(5) HexNAc(5)",""
dHex(1)Hex(3)HexNAc(6),"dHex(1) Hex(3) HexNAc(6)",""
dHex(1)Hex(4)HexNAc(4)NeuAc(1),"dHex Hex(4) HexNAc(4) NeuAc",""
dHex(3)Hex(4)HexNAc(4),"dHex(3) Hex(4) HexNAc(4)",""
dHex(1)Hex(3)HexNAc(5)NeuAc(1),"dHex(1) Hex(3) HexNAc(5) NeuAc(1)",""
dHex(2)Hex(4)HexNAc(5),"dHex(2) Hex(4) HexNAc(5)",""
Hex(1)HexNAc(1)NeuAc(1)Ac(1),"Ac Hex HexNAc NeuAc",""
Label:13C(2)15N(2),"13C(2) 15N(2)","C(-2) N(-2)"
Xlink:DSS:155:,"H(13) C(8) N O(2)",""
NQIGG,"H(31) C(19) N(7) O(7)",""
Carboxyethylpyrrole,"H(6) C(7) O(2)",""
Fluorescein-tyramine,"H(19) C(29) N O(7)",""
GEE,"H(6) C(4) O(2)",""
RNPXL,"H(13) C(9) N(2) O(9) P",""
Glu->pyro-Glu+Methyl,"C","O(-1)"
Glu->pyro-Glu+Methyl:2H(2)13C(1),"2H(2) 13C","H(-2) O(-1)"
LRGG+methyl,"H(31) C(17) N(7) O(4)",""
LRGG+dimethyl,"H(33) C(18) N(7) O(4)",""
Biotin-tyramide,"H(23) C(18) N(3) O(3) S",""
Tris,"H(10) C(4) N O(2)",""
IASD,"H(16) C(18) N(2) O(8) S(2)",""
NP40,"H(24) C(15) O",""
Tween20,"H(21) C(12)",""
Tween80,"H(31) C(18) O",""
Triton,"H(20) C(14)",""
Brij35,"H(24) C(12)",""
Brij58,"H(32) C(16)",""
betaFNA,"H(30) C(25) N(2) O(6)",""
dHex(1)Hex(7)HexNAc(4),"dHex Hex(7) HexNAc(4)",""
Biotin:Thermo-21328,"H(23) C(15) N(3) O(3) S(3)",""
PhosphoCytidine,"H(12) C(9) N(3) O(7) P",""
AzidoF,"N(3)","H(-1)"
Dimethylaminoethyl,"H(9) C(4) N",""
Gluratylation,"H(6) C(5) O(3)",""
2-hydroxyisobutyrylation,"H(6) C(4) O(2)",""
MeMePhosphorothioate,"H(5) C(2) O P S",""
Cation:Fe:III:,"Fe","H(-3)"
DTT,"H(8) C(4) O(2) S(2)",""
DYn-2,"H(13) C(11) O",""
MesitylOxide,"H(10) C(6) O",""
thylol,"H(2) C O",""
Xlink:DSS:259:,"H(21) C(12) N O(5)",""
Xlink:DSSO:176:,"H(8) C(6) O(4) S",""
Xlink:DSSO:175:,"H(9) C(6) N O(3) S",""
Xlink:DSSO:279:,"H(17) C(10) N O(6) S",""
Xlink:DSSO:54:,"H(2) C(3) O",""
Xlink:DSSO:86:,"H(2) C(3) O S",""
Xlink:DSSO:104:,"H(4) C(3) O(2) S",""
Xlink:BuUrBu:111:,"H(5) C(5) N O(2)",""
Xlink:BuUrBu:85:,"H(7) C(4) N O",""
Xlink:BuUrBu:213:,"H(15) C(9) N(3) O(3)",""
Xlink:BuUrBu:214:,"H(14) C(9) N(2) O(4)",""
Xlink:BuUrBu:317:,"H(23) C(13) N(3) O(6)",""
Xlink:DSSO:158:,"H(6) C(6) O(3) S",""
Xlink:EGS:226:,"H(10) C(10) O(6)",""
Xlink:DSS:138:,"H(10) C(8) O(2)",""
Xlink:BuUrBu:196:,"H(12) C(9) N(2) O(3)",""
Xlink:DTBP:172:,"H(8) C(6) N(2) S(2)",""
Xlink:DST:114:,"H(2) C(4) O(4)",""
Xlink:DTSSP:174:,"H(6) C(6) O(2) S(2)",""
Xlink:SMCC:219:,"H(13) C(12) N O(3)",""
Xlink:BS2G:96:,"H(4) C(5) O(2)",""
Xlink:BS2G:113:,"H(7) C(5) N O(2)",""
Xlink:BS2G:114:,"H(6) C(5) O(3)",""
Xlink:BS2G:217:,"H(15) C(9) N O(5)",""
Cation:Al:III:,"Al","H(-3)"
Xlink:DMP:139:,"H(13) C(7) N(3)",""
Xlink:DMP:122:,"H(10) C(7) N(2)",""
glyoxalAGE,"C(2)","H(-2)"
Met->AspSA,"O","H(-4) C(-1) S(-1)"
Decarboxylation,"","H(-2) C(-1) O(-1)"
Aspartylurea,"O(2)","H(-2) C(-1) N(-2)"
Formylasparagine,"O(2)","H(-1) C(-1) N(-1)"
Carbonyl,"O","H(-2)"
AFB1_Dialdehyde,"H(10) C(17) O(6)",""
Pro->HAVA,"H(2) O",""
Delta:H(-4)O(2),"O(2)","H(-4)"
Delta:H(-4)O(3),"O(3)","H(-4)"
Delta:O(4),"O(4)",""
Delta:H(3)C(3)O(2),"H(3) C(3) O(2)",""
Delta:H(4)C(5)O(1),"H(4) C(5) O",""
Delta:H(10)C(8)O(1),"H(10) C(8) O",""
Delta:H(6)C(7)O(4),"H(6) C(7) O(4)",""
Pent(2),"Pent(2)",""
Pent(1)HexNAc(1),"Pent HexNAc",""
Hex(2)Sulf(1),"O(3) S Hex(2)",""
Hex(1)Pent(2)Me(1),"Me Pent(2) Hex",""
HexNAc(2)Sulf(1),"O(3) S HexNAc(2)",""
Hex(1)Pent(3)Me(1),"Me Pent(3) Hex",""
Hex(2)Pent(2),"Pent(2) Hex(2)",""
Hex(2)Pent(2)Me(1),"Me Pent(2) Hex(2)",""
Hex(4)HexA(1),"Hex(4) HexA",""
Hex(2)HexNAc(1)Pent(1)HexA(1),"Pent Hex(2) HexA HexNAc",""
Hex(3)HexNAc(1)HexA(1),"Hex(3) HexA HexNAc",""
Hex(1)HexNAc(2)dHex(2)Sulf(1),"O(3) S dHex(2) Hex HexNAc(2)",""
HexA(2)HexNAc(3),"HexA(2) HexNAc(3)",""
dHex(1)Hex(4)HexA(1),"dHex Hex(4) HexA",""
Hex(5)HexA(1),"Hex(5) HexA",""
Hex(4)HexA(1)HexNAc(1),"Hex(4) HexA HexNAc",""
dHex(3)Hex(3)HexNAc(1),"dHex(3) Hex(3) HexNAc",""
Hex(6)HexNAc(1),"Hex(6) HexNAc",""
Hex(1)HexNAc(4)dHex(1)Sulf(1),"Sulf dHex Hex HexNAc(4)",""
dHex(1)Hex(2)HexNAc(1)NeuAc(2),"dHex Hex(2) HexNAc NeuAc(2)",""
dHex(3)Hex(3)HexNAc(2),"dHex(3) Hex(3) HexNAc(2)",""
dHex(2)Hex(1)HexNAc(4)Sulf(1),"Sulf dHex(2) Hex HexNAc(4)",""
dHex(1)Hex(2)HexNAc(4)Sulf(2),"Sulf(2) dHex Hex(2) HexNAc(4)",""
Hex(9),"Hex(9)",""
dHex(2)Hex(3)HexNAc(3)Sulf(1),"Sulf dHex(2) Hex(3) HexNAc(3)",""
dHex(2)Hex(5)HexNAc(2)Me(1),"Me dHex(2) Hex(5) HexNAc(2)",""
dHex(2)Hex(2)HexNAc(4)Sulf(2),"Sulf(2) dHex(2) Hex(2) HexNAc(4)",""
Hex(9)HexNAc(1),"Hex(9) HexNAc",""
dHex(3)Hex(2)HexNAc(4)Sulf(2),"Sulf(2) dHex(3) Hex(2) HexNAc(4)",""
Hex(4)HexNAc(4)NeuGc(1),"Hex(4) HexNAc(4) NeuGc",""
dHex(4)Hex(3)HexNAc(2)NeuAc(1),"dHex(4) Hex(3) HexNAc(2) NeuAc",""
Hex(3)HexNAc(5)NeuAc(1),"Hex(3) HexNAc(5) NeuAc",""
Hex(10)HexNAc(1),"Hex(10) HexNAc",""
dHex(1)Hex(8)HexNAc(2),"dHex Hex(8) HexNAc(2)",""
Hex(3)HexNAc(4)NeuAc(2),"Hex(3) HexNAc(4) NeuAc(2)",""
dHex(2)Hex(3)HexNAc(4)NeuAc(1),"dHex(2) Hex(3) HexNAc(4) NeuAc",""
dHex(2)Hex(2)HexNAc(6)Sulf(1),"Sulf dHex(2) Hex(2) HexNAc(6)",""
Hex(5)HexNAc(4)NeuAc(1)Ac(1),"Ac Hex(5) HexNAc(4) NeuAc",""
Hex(3)HexNAc(3)NeuAc(3),"Hex(3) HexNAc(3) NeuAc(3)",""
Hex(5)HexNAc(4)NeuAc(1)Ac(2),"Ac(2) Hex(5) HexNAc(4) NeuAc",""
Unknown:162,"H(18) C(8) O(3)",""
Unknown:177,"O Fe(3)","H(-7)"
Unknown:210,"H(22) C(13) O(2)",""
Unknown:216,"H(16) C(10) O(5)",""
Unknown:234,"H(14) C(9) O(7)",""
Unknown:248,"H(28) C(13) O(4)",""
Unknown:250,"H(4) C(10) N O(5) S",""
Unknown:302,"H(8) C(4) N(5) O(7) S(2)",""
Unknown:306,"H(18) C(12) O(9)",""
Unknown:420,"H(14) C(10) N(9) O(6) S(2)",""
Diethylphosphothione,"H(9) C(4) O(2) P S",""
Dimethylphosphothione,"H(5) C(2) O(2) P S",""
Monomethylphosphothione,"H(3) C O(2) P S",""
CIGG,"H(22) C(13) N(4) O(4) S",""
GNLLFLACYCIGG,"H(92) C(61) N(14) O(15) S(2)",""
serotonylation,"H(9) C(10) N O",""
TMPP-Ac:13C(9),"H(33) C(20) 13C(9) O(10) P",""
Xlink:DST:56:,"C(2) O(2)",""
Maleimide,"H(3) C(4) N O(2)",""
Methamidophos-o,"H(4) C N O(2) P",""
Haloxon,"H(7) C(4) O(3) P Cl(2)",""
zqg,"H(16) C(15) N(2) O(6)",""
methylsulfonylethyl,"H(6) C(3) O(2) S",""
hydroxyisobutyryl,"H(6) C(4) O(2)",""
ethylamino,"H(5) C(2) N","O(-1)"
methamidophos-s,"H(4) C N O P S",""
nitrene,"N","H(-1)"
methylol,"H(2) C O",""
hex-n-acetyl-d-glucosamine,"",""
ethylsulfonylethyl,"H(8) C(4) O(2) S",""
ICPL,"H(3) C(6) N(1) O(1)",""
ICPL_13C(6),"H(3) 13C(6) N(1) O(1)",""
Acetyl_13C(2),"H(2) 13C(2) O(1)",""
Ahx2+Hsl,"H(27) C(16) N(3) O(3)",""
Arg,"H(12) C(6) N(4) O(1)",""
BADGE,"H(24) C(21) O(4)",""
BEMAD_C_2H(6),"H(2) 2H(6) C(4) O(2) S(1)",""
BEMAD_ST_2H(6),"H(2) 2H(6) C(4) O(1) S(2)",""
BHT,"H(22) C(15) O(1)",""
BHTOH,"H(22) C(15) O(2)",""
Benzoyl,"H(4) C(7) O(1)",""
Biotin_Cayman-10013,"H(60) C(36) N(4) O(5) S(1)",""
Biotin_Cayman-10141,"H(54) C(35) N(4) O(4) S(1)",""
Brij35,"H(24) C(12)",""
Brij58,"H(32) C(16)",""
CLIP_TRAQ_2,"H(12) C(6) 13C(1) N(2) O(1)",""
CLIP_TRAQ_3,"H(20) C(11) 13C(1) N(3) O(4)",""
CLIP_TRAQ_4,"H(15) C(9) 13C(1) N(2) O(5)",""
Carboxyethylpyrrole,"H(6) C(7) O(2)",""
Delta_H(2)C(2),"H(2) C(2)",""
Delta_H(2)C(3),"H(2) C(3)",""
Delta_H(4)C(3),"H(4) C(3)",""
Delta_H(4)C(6),"H(4) C(6)",""
Delta_H(6)C(6)O(1),"H(6) C(6) O(1)",""
Delta_H(8)C(6)O(2),"H(8) C(6) O(2)",""
DiART6plex,"H(20) C(7) 13C(4) N(1) 15N(1) O(2)",""
DiART6plex115,"H(20) C(8) 13C(3) 15N(2) O(2)",""
DiART6plex116/119,"H(18) 2H(2) C(9) 13C(2) N(1) 15N(1) O(2)",""
DiART6plex117,"H(18) 2H(2) C(10) 13C(1) 15N(2) O(2)",""
DiART6plex118,"H(18) 2H(2) C(8) 13C(3) N(2) O(2)",""
DiLeu4plex,"H(13) 2H(2) C(8) N(1) 18O(1)",""
DiLeu4plex115,"H(15) C(7) 13C(1) 15N(1) 18O(1)",""
DiLeu4plex117,"H(13) 2H(2) C(7) 13C(1) 15N(1) O(1)",""
DiLeu4plex118,"H(11) 2H(4) C(8) N(1) O(1)",""
Dimethyl_2H(4),"2H(4) C(2)",""
Dimethyl_2H(4)13C(2),"2H(4) 13C(2)",""
EQAT_2H(5),"H(15) 2H(5) C(10) N(2) O(1)",""
EQIGG,"H(32) C(20) N(6) O(8)",""
ESP,"H(26) C(16) N(4) O(2) S(1)",""
ESP_2H(10),"H(16) 2H(10) C(16) N(4) O(2) S(1)",""
ExacTagAmine,"H(52) C(25) 13C(12) N(8) 15N(6) O(19) S(1)",""
ExacTagThiol,"H(50) C(23) 13C(12) N(8) 15N(6) O(18)",""
GGQ,"H(14) C(9) N(4) O(4)",""
GIST-Quat,"H(13) C(7) N(1) O(1)",""
GIST-Quat_2H(3),"H(10) 2H(3) C(7) N(1) O(1)",""
GIST-Quat_2H(6),"H(7) 2H(6) C(7) N(1) O(1)",""
GIST-Quat_2H(9),"H(4) 2H(9) C(7) N(1) O(1)",""
HydroxymethylOP,"H(4) C(6) O(2)",""
ICDID_2H(6),"H(4) 2H(6) C(8) O(2)",""
IDEnT,"H(7) C(9) N(1) O(1) Cl(2)",""
IGBP,"H(13) C(12) N(2) O(2) Br(1)",""
IGBP_13C(2),"H(13) C(10) 13C(2) N(2) O(2) Br(1)",""
IMID,"H(4) C(3) N(2)",""
IMID_2H(4),"2H(4) C(3) N(2)",""
Lys,"H(12) C(6) N(2) O(1)",""
Methyl+Acetyl_2H(3),"H(1) 2H(3) C(3) O(1)",""
Methyl_2H(2),"2H(2) C(1)",""
NEIAA_2H(5),"H(2) 2H(5) C(4) N(1) O(1)",""
NIC,"H(3) C(6) N(1) O(1)",""
Propionamide_2H(3),"H(2) 2H(3) C(3) N(1) O(1)",""
Propionyl_13C(3),"H(4) 13C(3) O(1)",""
Propyl_2H(6),"2H(6) C(3)",""
QAT_2H(3),"H(16) 2H(3) C(9) N(2) O(1)",""
QEQTGG,"H(36) C(23) N(8) O(11)",""
QQQTGG,"H(37) C(23) N(9) O(10)",""
QTGG,"H(21) C(13) N(5) O(6)",""
RNPXL,"H(13) C(9) N(2) O(9) P(1)",""
SUMO2135,"H(137) C(90) N(21) O(37) S(1)",""
SUMO3549,"H(224) C(150) N(38) O(60) S(1)",""
Succinyl_13C(4),"H(4) 13C(4) O(3)",""
Succinyl_2H(4),"2H(4) C(4) O(3)",""
SulfanilicAcid,"H(5) C(6) N(1) O(2) S(1)",""
SulfoGMBS,"H(26) C(22) N(4) O(5) S(1)",""
TMAB,"H(14) C(7) N(1) O(1)",""
TMAB_2H(9),"H(5) 2H(9) C(7) N(1) O(1)",""
Thiophospho,"H(1) O(2) P(1) S(1)",""
Triton,"H(20) C(14)",""
Tween20,"H(21) C(12)",""
Tween80,"H(31) C(18) O(1)",""
Unknown_420,"H(14) C(10) N(9) O(6) S(2)",""
VFQQQTGG,"H(55) C(37) N(11) O(12)",""
VIEVYQEQTGG,"H(81) C(53) N(13) O(19)",""
ZGB,"H(53) B(1) C(37) N(6) O(6) F(2) S(1)",""
dNIC,"H(1) 2H(3) C(6) N(1) O(1)",""
glucosone,"H(8) C(6) O(5)",""
ICPL_13C(6)2H(4),"2H(4) 13C(6) N(1) O(1)","H(-1)"
ICPL_2H,"2H(4) C(6) N(1) O(1)","H(-1)"
Acetyl_2H(3),"2H(3) C(2) O(1)","H(-1)"
Deamidated_18O(1),"O(1)","H(-1) N(-1)"
Delta_S(-1)Se(1),"Se(1)","S(-1)"
Dimethyl_2H(6),"2H(6) C(2)","H(-2)"
Dimethyl_2H(6)13C(2),"2H(6) 13C(2)","H(-2)"
Methyl_2H(3)+Acetyl_2H(3),"2H(6) C(3) O(1)","H(-2)"
Methyl_2H(3),"2H(3) C(1)","H(-1)"
Methyl_2H(3)13C(1),"2H(3) 13C(1)","H(-1)"
Trimethyl_13C(3)2H(9),"2H(9) 13C(3)","H(-3)"
Trimethyl_2H(9),"2H(9) C(3)","H(-3)"
Trimethyl_2H(9),"C(-1) O(-2)","H(-2) C(-1) O(-2)"
trifluoro,"F(3)","H(-3)"
